-- phpMyAdmin SQL Dump
-- version 4.8.3
-- https://www.phpmyadmin.net/
--
-- Gép: 127.0.0.1
-- Létrehozás ideje: 2019. Máj 06. 14:43
-- Kiszolgáló verziója: 10.1.37-MariaDB
-- PHP verzió: 7.2.12

SET SQL_MODE = "NO_AUTO_VALUE_ON_ZERO";
SET AUTOCOMMIT = 0;
START TRANSACTION;
SET time_zone = "+00:00";


/*!40101 SET @OLD_CHARACTER_SET_CLIENT=@@CHARACTER_SET_CLIENT */;
/*!40101 SET @OLD_CHARACTER_SET_RESULTS=@@CHARACTER_SET_RESULTS */;
/*!40101 SET @OLD_COLLATION_CONNECTION=@@COLLATION_CONNECTION */;
/*!40101 SET NAMES utf8mb4 */;

--
-- Adatbázis: `mozi`
--

-- --------------------------------------------------------

--
-- Tábla szerkezet ehhez a táblához `film`
--

CREATE TABLE `film` (
  `fid` int(10) NOT NULL,
  `filmcim` varchar(62) DEFAULT NULL,
  `szarmazas` varchar(55) DEFAULT NULL,
  `mufaj` varchar(13) DEFAULT NULL,
  `hossz` int(3) DEFAULT NULL
) ENGINE=InnoDB DEFAULT CHARSET=utf8;

--
-- A tábla adatainak kiíratása `film`
--

INSERT INTO `film` (`fid`, `filmcim`, `szarmazas`, `mufaj`, `hossz`) VALUES
(1, 'Ágnes öcsénk', 'német', 'dráma', 115),
(2, 'Az állomásfõnök', 'amerikai', 'dráma', 88),
(3, 'Álmodozók', 'angol-francia-olasz', 'dráma', 110),
(4, 'Amelie csodálatos élete', 'francia-német', 'vígjáték', 117),
(5, 'Annie Hall', 'amerikai', 'vígjáték', 89),
(6, 'Anyám a lányokat szereti', 'spanyol', 'vígjáték', 96),
(7, 'Anyátlanok', 'japán', 'játékfilm', 141),
(8, 'Apokalipszis most - rendezõi változat', 'amerikai', 'dráma', 202),
(9, 'Apokalipszis most I-II;', 'amerikai', 'dráma', 159),
(10, 'Arizonai álmodozók', 'amerikai', 'dráma', 135),
(11, 'Bábok', 'japán', 'dráma', 109),
(12, 'Beszélj hozzá!', 'spanyol', 'dráma', 109),
(13, 'Bin-jip - Lopakodó lelkek', 'dél-koreai-japán', 'dráma', 88),
(14, 'A bíró és a hóhér', 'NSZK-olasz', 'krimi', 90),
(15, 'Broken Flowers - Hervadó virágok', 'amerikai-francia', 'vígjáték', 105),
(16, 'A bûvös körhinta', 'francia', 'animációs', 85),
(17, 'Cápasrác és Lávalány kalandjai', 'amerikai', 'kalandfilm', 112),
(18, 'Charlie és a csokigyár', 'amerikai-angol', 'vígjáték', 106),
(19, 'Che Guevara: A motoros naplója', 'amerikai-angol-argentin-német', 'dráma', 128),
(20, 'Csak szex és más semmi', 'magyar', 'vígjáték', 93),
(21, 'Csodacsibe', 'amerikai', 'animációs', 77),
(22, 'Csodálatos Júlia', 'kanadai', '', 104),
(23, 'Datolya', 'belga-francia-tunéziai', '', 82),
(24, 'Dig! - Ezt kapd ki!', 'amerikai', 'dokumentum', 107),
(25, 'A diktátor', 'amerikai', 'filmszatíra', 120),
(26, 'Dogville - A menedék', 'dán-svéd-norvég-német-finn-olasz-japán-angol-amerikai', 'dráma', 177),
(27, 'Domino', 'francia-amerikai', 'akció', 127),
(28, 'Durr; durr és csók', 'amerikai', 'thriller', 103),
(29, 'Edukators', 'német-osztrák', 'játékfilm', 127),
(30, 'Egy cipõben', 'amerikai', 'vígjáték', 130),
(31, 'Egy hulla, egy falafel és a többiek…', 'ausztrál-olasz', 'vígjáték', 107),
(32, 'Egy szoknya, egy nadrág', 'magyar', 'vígjáték', 95),
(33, 'Elveszett jelentés', 'amerikai-japán', 'dráma', 102),
(34, 'Én, Pán Péter', 'angol-amerikai', 'dráma', 106),
(35, 'Eros', 'amerikai-olasz-hongkongi-kínai-francia-luxemburgi-angol', 'dráma', 104),
(36, 'Fej vagy írás', 'magyar', 'vígjáték', 90),
(37, 'Fekete Kefe', 'magyar', 'vígjáték', 80),
(38, 'A fény ösvényei', 'magyar', 'dráma', 89),
(39, 'Futball faktor', 'angol', 'dráma', 91),
(40, 'Fûrész 2', 'amerikai', 'thriller', 93),
(41, 'Galaxis útikalauz stopposoknak', 'amerikai-angol', 'vígjáték', 110),
(42, 'Garfield', 'amerikai', 'vígjáték', 81),
(43, 'Genezis', 'francia-olasz', 'természetfilm', 81),
(44, 'Getno', 'magyar', 'játékfilm', 95),
(45, 'Grimm', 'cseh-amerikai', 'fantasy', 118),
(46, 'Ha igaz volna…', 'amerikai', 'vígjáték', 95),
(47, 'A halott menyasszony', 'angol', 'animációs', 78),
(48, 'Harry Potter és a Tûz Serlege', 'amerikai', 'fantasy', 157),
(49, 'Hawaii, Oslo', 'dán-svéd-norvég', 'dráma', 125),
(50, 'A hetedik nap', 'spanyol', 'dráma', 103),
(51, 'Hétköznapi mennyország', 'svéd', 'dráma', 130),
(52, 'Híd a Kwai folyón', 'angol-amerikai', 'dráma', 161),
(53, 'Hideg csontok', 'spanyol', 'thriller', 100),
(54, 'Holdfényév', 'amerikai', 'dráma', 117),
(55, 'Hölgyek levendulában', 'angol', 'dráma', 103),
(56, 'Hõs', 'hongkongi', '', 96),
(57, 'A hõsök nem pihennek', 'francia-osztrák', 'dráma', 104),
(58, 'Human Traffic', 'angol-ír', 'vígjáték', 99),
(59, 'Hurrá, nyaralunk!', 'szovjet', 'ifjúsági', 74),
(60, 'Az igazi Mikulás', 'magyar', 'játékfilm', 90),
(61, 'Az igazság fogságában', 'kanadai', '', 108),
(62, 'Az ígéret - Fényes nappal történt', 'NSZK-svájci-spanyol', 'krimi', 90),
(63, 'Az ígéret megszállottja', 'amerikai', 'dráma', 124),
(64, 'Intimitás', 'francia-angol-német-spanyol', 'dráma', 115),
(65, 'Isten városa', 'brazil-francia', 'dráma', 130),
(66, 'Játszik még a szív', 'angol', 'vígjáték', 100),
(67, 'Johanna', 'magyar', 'operafilm', 90),
(68, 'Kairó bíbor rózsája', 'amerikai', 'vígjáték', 84),
(69, 'Kávé és cigaretta', 'amerikai', 'zenés', 95),
(70, 'Kész cirkusz', 'magyar', 'vígjáték', 74),
(71, 'A kilencedik nap', 'német-luxemburgi', 'dráma', 98),
(72, 'King Kong', 'új-zélandi', '', 188),
(73, 'Kontroll', 'magyar', 'thriller', 102),
(74, 'Kõkemény család', 'amerikai', 'vígjáték', 104),
(75, 'A közvetítõ', 'magyar', 'dokumentum', 89),
(76, 'Kulcsár & Haverok', 'magyar', '', 80),
(77, 'Kutyaszorítóban', 'amerikai', 'thriller', 99),
(78, 'Kutyátlanok kíméljenek', 'amerikai', 'vígjáték', 98),
(79, 'Lakótársat keresünk', 'francia-spanyol', 'vígjáték', 120),
(80, 'Leány gyöngy fülbevalóval', 'angol-luxemburgi', 'dráma', 95),
(81, 'Légcsavar', 'amerikai', 'thriller', 98),
(82, 'A legtöbb ember Kínában él…', 'norvég', 'dráma', 82),
(83, 'Lélektõl lélekig', 'francia-dél-afrikai-angol', 'kalandfilm', 122),
(84, 'Madagaszkár', 'amerikai', 'animációs', 80),
(85, 'Magyar vándor', 'magyar', 'vígjáték', 110),
(86, 'Manderlay', 'dán-svéd-francia-német-amerikai', 'dráma', 139),
(87, 'Manhattan', 'amerikai', 'vígjáték', 96),
(88, 'Maszájok', 'francia', 'dráma', 94),
(89, 'Még mindig lakótársat keresünk', 'francia-angol', 'vígjáték', 125),
(90, 'Melinda és Melinda', 'amerikai', 'vígjáték', 100),
(91, 'Mennyország most', 'francia-német-holland-izrael', '', 90),
(92, 'Mezítlábas szerelem', 'német', 'vígjáték', 110),
(93, 'Mi a csudát tudunk a világról?', 'amerikai', 'játékfilm', 108),
(94, 'Mint egy angyal', 'francia-olasz', 'dráma', 110),
(95, 'Monsieur Ibrahim és a Korán virágai', 'francia-török', 'dráma', 94),
(96, 'Naqoyqatsi - Erõszakos világ', 'amerikai', 'filmesszé', 89),
(97, 'Narnia Krónikái - Az oroszlán, a boszorkány és a ruhásszekrény', 'amerikai-új-zélandi', 'fantasy', 140),
(98, 'Nesze neked, Pete Tong!', 'angol-kanadai', 'vígjáték', 90),
(99, 'Nézz balra, ott egy svéd!', 'dán', 'vígjáték', 90),
(100, 'Nyomorultak', 'francia-olasz-NDK', 'dráma', 225),
(101, 'Oldboy', 'dél-koreai', 'thriller', 120),
(102, 'Az operaház fantomja', 'amerikai', 'musical', 92),
(103, 'Ördögûzés Emily Rose üdvéért', 'amerikai', 'horror', 119),
(104, 'Pata-csata', 'dél-afrikai-amerikai', 'vígjáték', 94),
(105, 'Pingvinek vándorlása', 'francia', 'dokumentum', 85),
(106, 'A pityergõ teve története', 'német-mongol', 'dokumentum', 87),
(107, 'Ponyvaregény - Pulp Fiction', 'amerikai', 'filmszatíra', 150),
(108, 'Porcelánbaba', 'magyar', 'dráma', 74),
(109, 'Rap, Revü, Rómeó', 'magyar', 'vígjáték', 82),
(110, 'A Rashevski tangó', 'belga-luxemburgi-francia', '', 90),
(111, 'Rekonstrukció', 'dán', 'dráma', 88),
(112, 'A repülõ tõrök klánja', 'kínai-hongkongi', 'akció', 111),
(113, 'A rövidek éjszakája', 'francia-angol-spanyol-dán', 'rövidfilm', 68),
(114, 'Segítség, hal lettem!', 'dán-ír-német', 'animációs', 80),
(115, 'Senki nem tud semmit', 'csehszlovák', 'vígjáték', 70),
(116, 'Sin City', 'amerikai', 'akció', 124),
(117, 'Sóhajtenger - Kuba', 'magyar', 'rövidfilm', 5),
(118, 'Egy sorozatgyilkos nyara', 'amerikai', 'dráma', 136),
(119, 'A sötétség útja - Mulholland Drive', 'amerikai-francia', 'dráma', 141),
(120, 'Stalker', 'szovjet-NSZK', 'sci-fi', 160),
(121, 'Super Size Me', 'amerikai', 'dokumentum', 96),
(122, 'Szamszára', 'indiai-német-francia-olasz', 'dráma', 140),
(123, 'Szent Lajos király hídja', 'spanyol', '', 120),
(124, 'A szenvedélyek labirintusa', 'spanyol', 'játékfilm', 100),
(125, 'Szerelmem nyara', 'angol', 'dráma', 86),
(126, 'Szeress, ha mersz', 'francia-belga', '', 93),
(127, 'Szex, szerelem, olaszok', 'olasz-svájci-angol', 'vígjáték', 125),
(128, 'Szõke Kóla', 'magyar', 'vígjáték', 96),
(129, 'Szürke, Mercivel', 'jugoszláv-német-szlovén-szerb', 'vígjáték', 95),
(130, 'Szürkület', 'magyar', 'krimi', 105),
(131, 'Táncos a sötétben', 'dán-svéd-francia', 'dráma', 134),
(132, 'Tangó és tulipán', 'olasz-svájci', 'vígjáték', 112),
(133, 'Tapló télapó', 'amerikai-német', 'vígjáték', 98),
(134, 'Tavasz, Nyár, Õsz, Tél és Tavasz', 'dél-koreai-német', 'dráma', 99),
(135, 'Tavasz van', 'olasz', 'dráma', 90),
(136, 'Twist Olivér', 'angol-cseh-francia-olasz', 'dráma', 130),
(137, 'Utazások egy szerzetessel', 'magyar', 'dokumentum', 65),
(138, 'Ütközések', 'amerikai-német', 'dráma', 113),
(139, 'Üvegfal', 'magyar', 'játékfilm', 87),
(140, 'Üvegtigris', 'magyar', 'vígjáték', 100),
(141, 'Vad galamb', 'angol', 'animációs', 76),
(142, 'A vágy törvénye', 'spanyol', 'dráma', 102),
(143, 'Van élet a halál elõtt?', 'magyar', 'dokumentum', 110),
(144, 'A vándorló palota', 'japán', 'animációs', 119),
(145, 'Vera Drake', 'angol-francia-új-zélandi', 'dráma', 124),
(146, 'Világok arca: Baraka', 'amerikai', 'dokumentum', 96),
(147, 'Vincent, François, Paul és a többiek', 'francia-olasz', 'dráma', 120),
(148, 'Vízcseppek a forró kövön', 'francia', 'dráma', 90),
(149, 'Vuk', 'magyar', 'rajzfilm', 74),
(150, 'Wallace & Gromit és az Elvetemült Veteménylény', 'angol', 'animációs', 94),
(151, 'Waterloo Bridge', 'amerikai', 'dráma', 103),
(152, 'Whisky', 'uruguayi-argentin-német-spanyol', 'komédia', 99),
(153, 'Zorro legendája', 'amerikai', 'kalandfilm', 131),
(154, '5x2', 'francia', 'dráma', 90);

-- --------------------------------------------------------

--
-- Tábla szerkezet ehhez a táblához `hely`
--

CREATE TABLE `hely` (
  `fid` int(10) DEFAULT NULL,
  `mid` int(10) DEFAULT NULL
) ENGINE=InnoDB DEFAULT CHARSET=utf8;

--
-- A tábla adatainak kiíratása `hely`
--

INSERT INTO `hely` (`fid`, `mid`) VALUES
(1, 8),
(1, 24),
(2, 37),
(3, 21),
(3, 24),
(4, 21),
(5, 27),
(6, 21),
(7, 24),
(7, 39),
(8, 21),
(9, 27),
(10, 27),
(11, 27),
(12, 24),
(13, 24),
(13, 26),
(13, 39),
(14, 27),
(15, 3),
(15, 24),
(15, 32),
(15, 38),
(15, 39),
(16, 12),
(17, 3),
(17, 6),
(17, 13),
(18, 3),
(19, 24),
(20, 9),
(20, 12),
(20, 13),
(20, 14),
(20, 15),
(20, 20),
(20, 26),
(20, 28),
(20, 29),
(20, 30),
(20, 31),
(20, 32),
(20, 41),
(21, 6),
(21, 7),
(21, 9),
(21, 12),
(21, 13),
(21, 14),
(21, 15),
(21, 20),
(21, 28),
(21, 29),
(21, 30),
(21, 31),
(22, 3),
(23, 36),
(24, 36),
(25, 27),
(26, 24),
(27, 6),
(27, 12),
(27, 13),
(27, 14),
(27, 28),
(27, 29),
(27, 31),
(28, 9),
(28, 12),
(28, 13),
(28, 14),
(28, 20),
(28, 29),
(28, 30),
(28, 31),
(28, 32),
(29, 39),
(30, 30),
(31, 3),
(32, 12),
(32, 14),
(32, 16),
(33, 3),
(34, 3),
(35, 24),
(36, 3),
(37, 3),
(37, 36),
(38, 24),
(38, 42),
(39, 16),
(40, 7),
(40, 9),
(40, 12),
(40, 13),
(40, 15),
(40, 28),
(40, 29),
(40, 30),
(40, 31),
(41, 21),
(42, 41),
(43, 3),
(43, 38),
(43, 41),
(44, 12),
(44, 13),
(45, 29),
(45, 39),
(45, 41),
(46, 12),
(46, 13),
(46, 14),
(46, 28),
(46, 29),
(46, 31),
(47, 20),
(47, 39),
(47, 42),
(48, 6),
(48, 7),
(48, 9),
(48, 12),
(48, 13),
(48, 14),
(48, 15),
(48, 20),
(48, 28),
(48, 29),
(48, 30),
(48, 31),
(49, 37),
(50, 8),
(50, 24),
(51, 26),
(51, 37),
(51, 39),
(52, 27),
(53, 6),
(53, 13),
(53, 15),
(53, 28),
(53, 29),
(53, 31),
(54, 3),
(55, 16),
(55, 24),
(55, 32),
(56, 38),
(57, 36),
(58, 16),
(59, 21),
(60, 41),
(61, 16),
(61, 24),
(61, 29),
(61, 37),
(61, 39),
(61, 41),
(61, 42),
(62, 27),
(63, 27),
(64, 24),
(65, 24),
(66, 28),
(66, 29),
(66, 30),
(66, 31),
(67, 24),
(68, 27),
(69, 21),
(69, 36),
(70, 21),
(71, 3),
(71, 21),
(72, 6),
(72, 7),
(72, 9),
(72, 12),
(72, 13),
(72, 14),
(72, 15),
(72, 20),
(72, 28),
(72, 29),
(72, 30),
(72, 31),
(73, 21),
(74, 6),
(74, 9),
(74, 12),
(74, 13),
(74, 14),
(74, 15),
(74, 28),
(74, 29),
(74, 30),
(74, 31),
(74, 32),
(75, 41),
(76, 42),
(77, 21),
(78, 3),
(79, 37),
(80, 37),
(80, 38),
(81, 16),
(81, 29),
(82, 8),
(83, 21),
(84, 12),
(84, 21),
(84, 37),
(84, 41),
(85, 20),
(86, 24),
(87, 27),
(88, 8),
(89, 21),
(89, 38),
(90, 24),
(91, 24),
(91, 26),
(91, 38),
(92, 3),
(92, 24),
(93, 26),
(93, 38),
(93, 41),
(94, 39),
(95, 24),
(95, 36),
(96, 21),
(97, 6),
(97, 7),
(97, 9),
(97, 12),
(97, 13),
(97, 14),
(97, 15),
(97, 28),
(97, 29),
(97, 30),
(97, 31),
(98, 24),
(98, 36),
(98, 39),
(98, 41),
(98, 42),
(99, 39),
(100, 38),
(101, 21),
(101, 28),
(101, 39),
(102, 27),
(103, 12),
(104, 41),
(105, 24),
(105, 26),
(105, 30),
(105, 38),
(105, 41),
(105, 42),
(106, 37),
(107, 24),
(107, 26),
(107, 42),
(108, 24),
(108, 37),
(109, 12),
(109, 13),
(109, 14),
(110, 24),
(110, 26),
(110, 32),
(110, 36),
(110, 39),
(111, 21),
(112, 3),
(112, 21),
(113, 21),
(114, 41),
(115, 27),
(116, 3),
(116, 24),
(117, 24),
(117, 26),
(117, 39),
(118, 21),
(119, 39),
(120, 8),
(121, 21),
(122, 38),
(123, 24),
(123, 32),
(123, 41),
(124, 26),
(125, 24),
(126, 21),
(127, 24),
(128, 6),
(128, 9),
(128, 12),
(128, 13),
(128, 14),
(128, 28),
(128, 29),
(128, 30),
(128, 31),
(129, 37),
(130, 27),
(131, 24),
(132, 24),
(133, 26),
(134, 21),
(134, 38),
(135, 27),
(136, 16),
(136, 24),
(136, 32),
(136, 41),
(136, 42),
(137, 38),
(138, 16),
(139, 37),
(139, 41),
(140, 21),
(141, 3),
(141, 41),
(142, 24),
(143, 38),
(144, 9),
(144, 13),
(144, 24),
(144, 29),
(144, 30),
(144, 41),
(145, 24),
(146, 38),
(147, 27),
(148, 21),
(149, 21),
(150, 6),
(150, 12),
(150, 13),
(150, 14),
(150, 36),
(151, 27),
(152, 37),
(153, 12),
(153, 16),
(153, 41),
(154, 21),
(154, 24),
(154, 37);

-- --------------------------------------------------------

--
-- Tábla szerkezet ehhez a táblához `mozi`
--

CREATE TABLE `mozi` (
  `mid` int(10) NOT NULL,
  `mozinev` varchar(34) DEFAULT NULL,
  `irszam` int(4) DEFAULT NULL,
  `cim` varchar(41) DEFAULT NULL,
  `telefon` varchar(7) DEFAULT NULL
) ENGINE=InnoDB DEFAULT CHARSET=utf8;

--
-- A tábla adatainak kiíratása `mozi`
--

INSERT INTO `mozi` (`mid`, `mozinev`, `irszam`, `cim`, `telefon`) VALUES
(1, 'A38 Hajó', 1113, 'Petõfi híd budai hídfõ', '4643940'),
(2, 'Bárka Kikötõ a Ráday utcában', 1092, 'Ráday utca', ''),
(3, 'Bem', 1024, 'Margit krt. 5/b.', '3168708'),
(4, 'Budapesti Európai Ifjúsági Központ', 1024, 'Zivatar u. 1-3.', '2124080'),
(5, 'Cervantes Intézet', 1000, 'Vörösmarty u. 32.', ''),
(6, 'Cinema City Csepel Plaza', 1212, 'Rákóczi F. út 154-170.', '4258111'),
(7, 'Cinema City Új Udvar', 1036, 'Bécsi út 38-44.', '4378383'),
(8, 'Cirko-Gejzír', 1055, 'Balassi Bálint u. 15-17.', '2690904'),
(9, 'Corvin Budapest Filmpalota', 1082, 'Corvin köz 1.', '4595050'),
(10, 'Erlin 9 galéria', 1000, 'Ráday utca', ''),
(11, 'FilmesHáz', 1092, 'Ráday utca 31/K', ''),
(12, 'Hollywood Multiplex Duna Plaza', 1138, 'Váci út 178. (Duna Plaza)', '4674267'),
(13, 'Hollywood Multiplex Lurdy Ház', 1092, 'Mester utca és Könyves Kálmán körút sarok', '4674267'),
(14, 'Hollywood Multiplex Óbuda', 1030, 'Bécsi út 154. (Eurocenter)', '4674267'),
(15, 'Hollywood Multiplex Pólus', 1152, 'Szentmihályi út 131.', '4674267'),
(16, 'Hunnia', 1073, 'Erzsébet krt. 26.', ''),
(17, 'Jailhouse Club', 1094, 'IX. kerület, Tûzoltó utca 22.', '9894905'),
(18, 'Jókai klub', 1121, 'Hollós út 5.', '3925452'),
(19, 'Kis Erkel', 1000, 'Ráday utca', ''),
(20, 'Kossuth Mozi', 1132, 'Váci út 14.', '4674260'),
(21, 'Kultiplex', 1095, 'Kinizsi u. 28.', '2190706'),
(22, 'Millenáris Fogadó', 1024, 'Kisrókus u. 16-20.', '4361717'),
(23, 'Mûcsarnok', 1406, 'Hõsõk tere', ''),
(24, 'Mûvész', 1066, 'Teréz krt. 30.', '3326726'),
(25, 'Mûvészetek Palotája', 1095, 'Komor Marcell u. 1.', '5553000'),
(26, 'Odeon-Lloyd mozi', 1136, 'Hollán Ernõ utca 7.', '3292064'),
(27, 'Örökmozgó', 1073, 'Erzsébet krt. 39.', '3422167'),
(28, 'Palace Campona', 1222, 'Nagytétényi út 37-43.', '3458160'),
(29, 'Palace Mammut', 1024, 'Lövõház u. 2-6.', '3458160'),
(30, 'Palace MOM Park', 1123, 'Alkotás út 53.', '3458160'),
(31, 'Palace Westend', 1062, 'Váci út 1-3.', '3365555'),
(32, 'Puskin', 1053, 'Kossuth L. u. 18.', '4296080'),
(33, 'Ráday könyves ház', 1000, 'Ráday utca', ''),
(34, 'Sambhala Tibet Központ', 1088, 'Lõrinc pap tér 2.', '2668084'),
(35, 'Science Park', 1117, 'Irínyi József u. 4.-20.', ''),
(36, 'Szimpla Kert Mozi', 1075, 'Kazinczy u. 14.', '3215880'),
(37, 'Szindbád', 1137, 'Szent István krt. 16.', '3492773'),
(38, 'Tabán', 1016, 'Krisztina krt. 87-89.', '3568162'),
(39, 'Toldi', 1054, 'Bajcsy-Zsilinszky út 36-38.', '4720397'),
(40, 'Tûzraktár', 1094, 'Tûzoltó u. 54-56', ''),
(41, 'Uránia Nemzeti Filmszínház', 1088, 'Rákóczi út 21.', '4863413'),
(42, 'Vörösmarty', 1075, 'Üllõi út 4.', '3174542');

--
-- Indexek a kiírt táblákhoz
--

--
-- A tábla indexei `film`
--
ALTER TABLE `film`
  ADD PRIMARY KEY (`fid`);

--
-- A tábla indexei `hely`
--
ALTER TABLE `hely`
  ADD KEY `d` (`fid`),
  ADD KEY `mid` (`mid`);

--
-- A tábla indexei `mozi`
--
ALTER TABLE `mozi`
  ADD PRIMARY KEY (`mid`);

--
-- A kiírt táblák AUTO_INCREMENT értéke
--

--
-- AUTO_INCREMENT a táblához `film`
--
ALTER TABLE `film`
  MODIFY `fid` int(10) NOT NULL AUTO_INCREMENT, AUTO_INCREMENT=155;

--
-- AUTO_INCREMENT a táblához `mozi`
--
ALTER TABLE `mozi`
  MODIFY `mid` int(10) NOT NULL AUTO_INCREMENT, AUTO_INCREMENT=43;

--
-- Megkötések a kiírt táblákhoz
--

--
-- Megkötések a táblához `hely`
--
ALTER TABLE `hely`
  ADD CONSTRAINT `hely_ibfk_1` FOREIGN KEY (`fid`) REFERENCES `film` (`fid`),
  ADD CONSTRAINT `hely_ibfk_2` FOREIGN KEY (`mid`) REFERENCES `mozi` (`mid`);
COMMIT;

/*!40101 SET CHARACTER_SET_CLIENT=@OLD_CHARACTER_SET_CLIENT */;
/*!40101 SET CHARACTER_SET_RESULTS=@OLD_CHARACTER_SET_RESULTS */;
/*!40101 SET COLLATION_CONNECTION=@OLD_COLLATION_CONNECTION */;