-- phpMyAdmin SQL Dump
-- version 5.0.4
-- https://www.phpmyadmin.net/
--
-- Gép: 127.0.0.1
-- Létrehozás ideje: 2021. Már 16. 19:17
-- Kiszolgáló verziója: 10.4.16-MariaDB
-- PHP verzió: 7.4.12

SET SQL_MODE = "NO_AUTO_VALUE_ON_ZERO";
START TRANSACTION;
SET time_zone = "+00:00";


/*!40101 SET @OLD_CHARACTER_SET_CLIENT=@@CHARACTER_SET_CLIENT */;
/*!40101 SET @OLD_CHARACTER_SET_RESULTS=@@CHARACTER_SET_RESULTS */;
/*!40101 SET @OLD_COLLATION_CONNECTION=@@COLLATION_CONNECTION */;
/*!40101 SET NAMES utf8mb4 */;

--
-- Adatbázis: `olimpia`
--

-- --------------------------------------------------------

--
-- Tábla szerkezet ehhez a táblához `eredmeny`
--

CREATE TABLE `eredmeny` (
  `az` int(11) NOT NULL,
  `ev` int(4) DEFAULT NULL,
  `versenyzoaz` int(3) DEFAULT NULL,
  `orszag` varchar(4) CHARACTER SET utf8 DEFAULT NULL,
  `versenyszamaz` int(2) DEFAULT NULL,
  `meter` varchar(6) CHARACTER SET utf8 DEFAULT NULL,
  `helyezes` int(1) DEFAULT NULL
) ENGINE=InnoDB DEFAULT CHARSET=utf8 COLLATE=utf8_hungarian_ci;

--
-- A tábla adatainak kiíratása `eredmeny`
--

INSERT INTO `eredmeny` (`az`, `ev`, `versenyzoaz`, `orszag`, `versenyszamaz`, `meter`, `helyezes`) VALUES
(1, 2012, 338, 'AUS ', 10, '8,16', 2),
(2, 1900, 563, 'GBR ', 5, '1,78', 2),
(3, 1932, 770, 'FRA ', 1, '47,85', 3),
(4, 1920, 471, 'FIN ', 1, '44,19', 2),
(5, 1996, 435, 'RUS ', 35, '14,98', 2),
(6, 2012, 487, 'CRO ', 21, '69,11', 1),
(7, 1988, 409, 'USA ', 10, '8,27', 3),
(8, 1928, 688, 'FIN ', 15, '15,11', 3),
(9, 1960, 380, 'USA ', 1, '57,16', 3),
(10, 1980, 235, 'URS ', 15, '17,35', 1),
(11, 1988, 418, 'GDR ', 27, '67,3', 3),
(12, 1952, 703, 'USA ', 12, '4,5', 2),
(13, 1900, 610, 'USA ', 6, '1,525', 2),
(14, 1936, 455, 'AUS ', 15, '15,5', 3),
(15, 2000, 341, 'CUB ', 27, '66,18', 3),
(16, 1980, 740, 'GDR ', 5, '2,31', 3),
(17, 1984, 457, 'GBR ', 27, '69,56', 1),
(18, 1920, 718, 'FIN ', 13, '14,81', 1),
(19, 1904, 626, 'USA ', 15, '14,325', 1),
(20, 2004, 769, 'RUS ', 15, '17,48', 3),
(21, 1948, 724, 'FIN ', 7, '69,77', 1),
(22, 1912, 506, 'SWE ', 10, '7,18', 3),
(23, 1952, 112, 'USA ', 7, '72,46', 2),
(24, 1980, 738, 'GDR ', 33, '21,2', 3),
(25, 1960, 259, 'HUN ', 7, '78,57', 3),
(26, 1992, 745, 'CUB ', 1, '64,12', 3),
(27, 2012, 148, 'CZE ', 27, '69,55', 1),
(28, 1964, 391, 'URS ', 33, '18,14', 1),
(29, 2008, 142, 'RUS ', 35, '15,32', 2),
(30, 1968, 299, 'HUN ', 21, '54,9', 3),
(31, 1988, 501, 'GDR ', 27, '74,68', 1),
(32, 1912, 181, 'SWE ', 3, '77,37', 3),
(33, 1900, 386, 'USA ', 4, '49,73', 1),
(34, 1924, 580, 'USA ', 13, '14,895', 2),
(35, 1960, 496, 'POL ', 25, '1,71', 3),
(36, 1912, 191, 'GRE ', 6, '1,55', 3),
(37, 1960, 248, 'USA ', 13, '19,11', 2),
(38, 2000, 229, 'ALG ', 5, '2,32', 3),
(39, 1952, 40, 'HUN ', 4, '57,74', 3),
(40, 2000, 128, 'CUB ', 5, '2,32', 2),
(41, 1908, 365, 'SWE ', 12, '3,58', 3),
(42, 1920, 71, 'DEN ', 12, '3,7', 2),
(43, 1980, 212, 'POL ', 5, '2,31', 2),
(44, 1988, 139, 'URS ', 12, '5,9', 1),
(45, 2012, 707, 'SLO ', 4, '79,36', 2),
(46, 1908, 89, 'USA ', 1, '39,45', 3),
(47, 1912, 34, 'HUN ', 7, '55,5', 3),
(48, 2008, 558, 'CMR ', 35, '15,39', 1),
(49, 2012, 413, 'RUS ', 5, '2,38', 1),
(50, 1924, 538, 'USA ', 5, '1,95', 2),
(51, 1928, 92, 'SWE ', 7, '66,6', 1),
(52, 2012, 602, 'JPN ', 4, '78,71', 3),
(53, 2008, 340, 'RUS ', 27, '70,78', 2),
(54, 1992, 663, 'GER ', 27, '66,86', 3),
(55, 1976, 523, 'BRA ', 15, '16,9', 3),
(56, 1988, 55, 'URS ', 4, '83,76', 2),
(57, 1984, 98, 'USA ', 10, '8,54', 1),
(58, 1920, 1, 'USA ', 5, '1,935', 1),
(59, 1900, 709, 'USA ', 16, '10,58', 1),
(60, 1952, 654, 'USA ', 1, '53,28', 3),
(61, 2008, 564, 'BLR ', 13, '21,05', 3),
(62, 1908, 709, 'USA ', 6, '1,57', 1),
(63, 1980, 302, 'GDR ', 10, '8,21', 2),
(64, 2000, 648, 'GER ', 24, '69,28', 3),
(65, 1948, 236, 'ITA ', 33, '13,095', 2),
(66, 1952, 84, 'HUN ', 10, '7,3', 3),
(67, 1952, 568, 'RSA ', 25, '1,67', 1),
(68, 1920, 591, 'FIN ', 13, '14,155', 2),
(69, 1904, 627, 'GER ', 5, '1,778', 3),
(70, 2004, 173, 'RUS ', 24, '75,02', 1),
(71, 1912, 721, 'FIN ', 7, '58,66', 2),
(72, 1964, 534, 'POL ', 15, '16,85', 1),
(73, 1912, 475, 'SWE ', 7, '60,64', 1),
(74, 2008, 437, 'NGR ', 30, '6,91', 3),
(75, 1964, 578, 'GBR ', 10, '8,07', 1),
(76, 1920, 726, 'USA ', 4, '52,875', 1),
(77, 1956, 460, 'USA ', 1, '56,36', 1),
(78, 1936, 56, 'JPN ', 12, '4,25', 2),
(79, 1976, 55, 'URS ', 4, '77,52', 1),
(80, 1976, 705, 'USA ', 12, '5,5', 3),
(81, 2008, 148, 'CZE ', 27, '71,42', 1),
(82, 1900, 610, 'USA ', 11, '3,135', 2),
(83, 2004, 761, 'ESP ', 10, '8,32', 3),
(84, 1976, 164, 'GDR ', 27, '65,94', 1),
(85, 1972, 281, 'FRG ', 7, '90,48', 1),
(86, 1988, 732, 'USA ', 30, '7,4', 1),
(87, 1972, 733, 'BUL ', 21, '64,34', 3),
(88, 2008, 606, 'CUB ', 21, '63,64', 2),
(89, 1912, 601, 'CAN ', 4, '48,39', 2),
(90, 1904, 288, 'USA ', 15, '13,365', 3),
(91, 1988, 652, 'URS ', 30, '7,11', 3),
(92, 1996, 320, 'POL ', 5, '2,37', 2),
(93, 1936, 60, 'JPN ', 15, '15,66', 2),
(94, 1912, 477, 'USA ', 6, '1,63', 1),
(95, 1900, 430, 'USA ', 16, '9,5', 3),
(96, 1932, 28, 'USA ', 4, '50,33', 3),
(97, 2004, 771, 'LAT ', 7, '84,95', 2),
(98, 1984, 276, 'FRG ', 5, '2,35', 1),
(99, 1996, 361, 'FIN ', 7, '86,98', 3),
(100, 1932, 567, 'USA ', 1, '49,49', 1),
(101, 2012, 763, 'FRA ', 12, '5,97', 1),
(102, 1968, 259, 'HUN ', 7, '87,06', 3),
(103, 1996, 356, 'AUS ', 27, '65,54', 2),
(104, 1996, 492, 'USA ', 5, '2,39', 1),
(105, 1956, 273, 'GBR ', 25, '1,67', 2),
(106, 1980, 75, 'URS ', 4, '78,96', 3),
(107, 1924, 433, 'USA ', 5, '1,98', 1),
(108, 1932, 456, 'USA ', 12, '4,2', 3),
(109, 1992, 392, 'TCH ', 7, '89,66', 1),
(110, 1984, 32, 'USA ', 1, '66,3', 2),
(111, 1968, 588, 'GDR ', 33, '19,61', 1),
(112, 2008, 88, 'BAH ', 15, '17,59', 3),
(113, 1976, 32, 'USA ', 1, '67,5', 1),
(114, 1912, 221, 'CAN ', 12, '3,8', 3),
(115, 1968, 324, 'ROU ', 27, '59,92', 2),
(116, 1972, 164, 'GDR ', 27, '63,88', 1),
(117, 2004, 18, 'RUS ', 7, '84,84', 3),
(118, 1896, 685, 'USA ', 5, '1,81', 1),
(119, 1936, 760, 'ITA ', 1, '49,23', 3),
(120, 2012, 2, 'HUN ', 4, '80,59', 1),
(121, 1984, 521, 'FRG ', 4, '77,98', 2),
(122, 1988, 98, 'USA ', 10, '8,72', 1),
(123, 2008, 170, 'RUS ', 5, '2,34', 3),
(124, 1968, 595, 'USA ', 5, '2,22', 2),
(125, 1988, 623, 'URS ', 5, '2,36', 3),
(126, 1924, 163, 'USA ', 1, '46,155', 1),
(127, 1960, 608, 'URS ', 27, '55,98', 1),
(128, 1912, 182, 'SWE ', 15, '14,17', 3),
(129, 1956, 45, 'ISL ', 15, '16,26', 2),
(130, 1952, 459, 'URS ', 25, '1,63', 3),
(131, 1984, 261, 'ITA ', 10, '8,24', 3),
(132, 1896, 421, 'GRE ', 13, '10,36', 3),
(133, 1900, 389, 'USA ', 1, '34,6', 3),
(134, 1968, 152, 'URS ', 25, '1,8', 2),
(135, 1948, 756, 'USA ', 4, '53,73', 3),
(136, 1908, 89, 'USA ', 2, '37,32', 2),
(137, 1972, 228, 'GDR ', 4, '74,96', 2),
(138, 1992, 118, 'GBR ', 7, '83,38', 3),
(139, 1904, 386, 'USA ', 4, '51,23', 1),
(140, 1964, 526, 'USA ', 13, '20,33', 1),
(141, 1976, 10, 'BUL ', 33, '21,16', 1),
(142, 1912, 463, 'USA ', 6, '1,6', 2),
(143, 1980, 548, 'URS ', 12, '5,65', 2),
(144, 2000, 272, 'POL ', 4, '80,02', 1),
(145, 1984, 537, 'GBR ', 27, '67,14', 3),
(146, 1964, 634, 'ROU ', 21, '56,97', 3),
(147, 1924, 671, 'USA ', 4, '50,84', 2),
(148, 1964, 22, 'URS ', 7, '80,57', 3),
(149, 2004, 142, 'RUS ', 30, '7,07', 1),
(150, 1936, 746, 'GER ', 21, '39,8', 3),
(151, 1992, 213, 'CUB ', 25, '1,97', 3),
(152, 1932, 509, 'CAN ', 25, '1,6', 3),
(153, 1956, 574, 'URS ', 33, '16,53', 2),
(154, 1908, 401, 'FIN ', 2, '36,48', 3),
(155, 1992, 70, 'USA ', 15, '17,6', 2),
(156, 1908, 270, 'USA ', 12, '3,71', 1),
(157, 2008, 43, 'UKR ', 12, '5,7', 3),
(158, 2000, 135, 'BLR ', 4, '79,17', 3),
(159, 1908, 96, 'NOR ', 8, '49,73', 3),
(160, 1960, 116, 'ROU ', 25, '1,85', 1),
(161, 2008, 37, 'AUS ', 12, '5,96', 1),
(162, 1964, 545, 'USA ', 1, '59,49', 3),
(163, 1960, 271, 'URS ', 15, '16,43', 3),
(164, 1980, 643, 'POL ', 12, '5,78', 1),
(165, 1912, 262, 'USA ', 13, '13,93', 3),
(166, 1992, 423, 'USA ', 15, '18,17', 1),
(167, 2008, 628, 'BLR ', 33, '19,86', 3),
(168, 2004, 315, 'USA ', 10, '8,59', 1),
(169, 1984, 298, 'FRA ', 12, '5,75', 1),
(170, 1956, 420, 'USA ', 13, '18,18', 2),
(171, 2012, 647, 'GER ', 1, '68,27', 1),
(172, 1980, 55, 'URS ', 4, '81,8', 1),
(173, 1908, 363, 'FRA ', 5, '1,88', 2),
(174, 1932, 186, 'IRL ', 4, '53,92', 1),
(175, 1996, 392, 'CZE ', 7, '88,16', 1),
(176, 1996, 678, 'ITA ', 30, '7,02', 2),
(177, 1952, 7, 'TCH ', 27, '50,47', 1),
(178, 2004, 204, 'GER ', 27, '65,82', 2),
(179, 1912, 721, 'FIN ', 9, '109,42', 1),
(180, 2000, 768, 'ISL ', 32, '4,5', 3),
(181, 1904, 709, 'USA ', 11, '3,476', 1),
(182, 1956, 78, 'URS ', 4, '63,03', 2),
(183, 1952, 264, 'USA ', 5, '2,04', 1),
(184, 2012, 695, 'GER ', 27, '64,91', 3),
(185, 2000, 142, 'RUS ', 35, '15', 2),
(186, 2004, 167, 'CUB ', 24, '73,16', 3),
(187, 1988, 716, 'URS ', 25, '1,99', 3),
(188, 1948, 327, 'USA ', 5, '1,95', 3),
(189, 1960, 642, 'HUN ', 4, '65,79', 2),
(190, 1908, 533, 'GBR ', 13, '13,62', 2),
(191, 1912, 686, 'USA ', 1, '42,28', 3),
(192, 1984, 231, 'FRG ', 1, '66,6', 1),
(193, 1932, 417, 'USA ', 10, '7,6', 2),
(194, 1984, 656, 'GBR ', 30, '6,8', 3),
(195, 1900, 610, 'USA ', 5, '1,9', 1),
(196, 1900, 94, 'USA ', 12, '3,25', 2),
(197, 1980, 439, 'URS ', 21, '67,4', 3),
(198, 1932, 741, 'FIN ', 7, '72,71', 1),
(199, 1904, 15, 'USA ', 13, '13,37', 3),
(200, 1976, 31, 'POL ', 12, '5,5', 1),
(201, 1964, 579, 'USA ', 5, '2,16', 3),
(202, 1932, 56, 'JPN ', 12, '4,3', 2),
(203, 2000, 599, 'POL ', 24, '71,16', 1),
(204, 1908, 582, 'GBR ', 15, '14,92', 1),
(205, 1952, 574, 'URS ', 33, '15,28', 1),
(206, 1964, 574, 'URS ', 33, '17,45', 3),
(207, 1984, 93, 'ITA ', 25, '2', 2),
(208, 1964, 755, 'GBR ', 30, '6,76', 1),
(209, 1992, 5, 'BUL ', 21, '67,78', 2),
(210, 1984, 180, 'FRA ', 12, '5,6', 3),
(211, 1988, 577, 'GDR ', 13, '22,47', 1),
(212, 1952, 150, 'FIN ', 7, '71,89', 3),
(213, 1980, 679, 'URS ', 7, '89,64', 2),
(214, 1972, 514, 'GDR ', 27, '62,54', 2),
(215, 1952, 402, 'ITA ', 1, '53,78', 2),
(216, 1960, 103, 'EUA ', 30, '6,21', 3),
(217, 1972, 552, 'GDR ', 12, '5,5', 1),
(218, 1952, 450, 'GBR ', 25, '1,65', 2),
(219, 1952, 490, 'USA ', 10, '7,57', 1),
(220, 1956, 271, 'URS ', 15, '16,02', 3),
(221, 1904, 205, 'USA ', 1, '39,28', 2),
(222, 1952, 312, 'USA ', 1, '55,03', 1),
(223, 1912, 260, 'FIN ', 9, '101,13', 2),
(224, 1896, 478, 'USA ', 5, '1,65', 2),
(225, 1908, 191, 'GRE ', 11, '3,235', 2),
(226, 1980, 494, 'URS ', 13, '21,35', 1),
(227, 1968, 749, 'URS ', 30, '6,66', 3),
(228, 1996, 118, 'GBR ', 7, '87,44', 2),
(229, 2008, 675, 'USA ', 21, '64,74', 1),
(230, 1996, 178, 'GBR ', 15, '17,88', 2),
(231, 1976, 30, 'FRG ', 27, '64,7', 2),
(232, 1960, 122, 'URS ', 30, '6,37', 1),
(233, 1996, 692, 'BUL ', 25, '2,05', 1),
(234, 1936, 604, 'GER ', 10, '7,87', 2),
(235, 1932, 720, 'USA ', 12, '4,315', 1),
(236, 1972, 323, 'GDR ', 13, '21,14', 3),
(237, 1960, 395, 'GBR ', 25, '1,71', 2),
(238, 2004, 467, 'USA ', 12, '5,9', 2),
(239, 1956, 57, 'USA ', 4, '63,19', 1),
(240, 1964, 683, 'EUA ', 12, '5,05', 2),
(241, 1936, 681, 'POL ', 27, '41,8', 3),
(242, 2000, 337, 'AUS ', 32, '4,55', 2),
(243, 2012, 710, 'GER ', 24, '77,13', 3),
(244, 2000, 739, 'RUS ', 25, '2,01', 1),
(245, 2004, 436, 'DEN ', 13, '21,07', 2),
(246, 1968, 22, 'URS ', 7, '90,1', 1),
(247, 1936, 728, 'GER ', 13, '15,66', 3),
(248, 1980, 556, 'URS ', 10, '8,18', 3),
(249, 1996, 336, 'NGR ', 30, '7,12', 1),
(250, 1980, 495, 'URS ', 13, '21,08', 2),
(251, 1928, 44, 'POL ', 21, '39,62', 1),
(252, 1996, 753, 'UKR ', 13, '20,75', 3),
(253, 1952, 473, 'NZL ', 30, '6,24', 1),
(254, 1972, 301, 'GDR ', 15, '17,31', 2),
(255, 2004, 195, 'POL ', 32, '4,7', 3),
(256, 2000, 317, 'RUS ', 30, '6,83', 3),
(257, 1972, 711, 'USA ', 12, '5,4', 2),
(258, 1928, 234, 'NOR ', 7, '63,97', 3),
(259, 1976, 246, 'URS ', 4, '76,08', 2),
(260, 2004, 730, 'RUS ', 32, '4,91', 1),
(261, 1980, 359, 'URS ', 1, '66,64', 1),
(262, 1956, 304, 'USA ', 30, '6,09', 2),
(263, 1996, 438, 'GER ', 21, '69,66', 1),
(264, 1980, 63, 'CUB ', 1, '66,32', 3),
(265, 1936, 476, 'GBR ', 25, '1,6', 2),
(266, 2008, 482, 'BLR ', 4, '81,61', 2),
(267, 2004, 326, 'USA ', 12, '5,95', 1),
(268, 1908, 446, 'USA ', 1, '40,89', 1),
(269, 1912, 449, 'SWE ', 12, '3,8', 3),
(270, 2012, 184, 'USA ', 10, '8,12', 3),
(271, 2008, 665, 'GBR ', 15, '17,62', 2),
(272, 1960, 241, 'URS ', 5, '2,16', 2),
(273, 1956, 194, 'USA ', 5, '2,12', 1),
(274, 1996, 520, 'NOR ', 27, '64,98', 3),
(275, 1896, 144, 'GRE ', 12, '2,6', 3),
(276, 1932, 551, 'GER ', 27, '43,49', 2),
(277, 1908, 230, 'USA ', 1, '40,7', 2),
(278, 1972, 13, 'USA ', 27, '59,94', 3),
(279, 1928, 166, 'JPN ', 15, '15,21', 1),
(280, 1972, 64, 'USA ', 5, '2,21', 3),
(281, 1972, 698, 'FRG ', 30, '6,78', 1),
(282, 1908, 59, 'USA ', 6, '1,55', 3),
(283, 2000, 23, 'LTU ', 1, '69,3', 1),
(284, 2000, 531, 'GER ', 1, '68,5', 2),
(285, 1972, 127, 'TCH ', 1, '64,4', 1),
(286, 1948, 687, 'USA ', 1, '50,77', 3),
(287, 1908, 191, 'GRE ', 6, '1,55', 2),
(288, 1976, 42, 'GDR ', 13, '21,05', 1),
(289, 1968, 682, 'BRA ', 15, '17,27', 2),
(290, 1972, 422, 'USA ', 1, '63,5', 2),
(291, 1928, 640, 'USA ', 21, '37,08', 2),
(292, 1956, 637, 'URS ', 7, '79,5', 3),
(293, 2008, 333, 'CUB ', 10, '8,2', 3),
(294, 1932, 640, 'USA ', 21, '40,58', 1),
(295, 1924, 511, 'USA ', 12, '3,95', 2),
(296, 1900, 626, 'USA ', 15, '14,47', 1),
(297, 1988, 570, 'URS ', 1, '67,48', 2),
(298, 2012, 730, 'RUS ', 32, '4,7', 3),
(299, 1924, 592, 'SWE ', 7, '60,92', 2),
(300, 1952, 613, 'SWE ', 12, '4,4', 3),
(301, 1996, 226, 'UKR ', 4, '80,02', 3),
(302, 1996, 508, 'GER ', 33, '20,56', 1),
(303, 1904, 289, 'GRE ', 1, '37,68', 3),
(304, 1928, 186, 'IRL ', 4, '51,39', 1),
(305, 1904, 712, 'USA ', 12, '3,43', 2),
(306, 1996, 622, 'USA ', 13, '20,79', 2),
(307, 1992, 128, 'CUB ', 5, '2,34', 1),
(308, 1988, 207, 'SUI ', 13, '21,99', 3),
(309, 1912, 463, 'USA ', 11, '3,28', 3),
(310, 1920, 759, 'USA ', 12, '3,6', 3),
(311, 1968, 767, 'TCH ', 25, '1,82', 1),
(312, 1996, 416, 'GER ', 12, '5,92', 3),
(313, 1900, 91, 'USA ', 10, '7,185', 1),
(314, 2000, 269, 'ITA ', 4, '79,64', 2),
(315, 2008, 730, 'RUS ', 32, '5,05', 1),
(316, 2012, 124, 'RUS ', 25, '2,05', 1),
(317, 1972, 766, 'URS ', 5, '2,23', 1),
(318, 1928, 575, 'USA ', 15, '15,17', 2),
(319, 2008, 131, 'CRO ', 25, '2,05', 2),
(320, 1960, 699, 'FIN ', 12, '4,55', 3),
(321, 1996, 95, 'BLR ', 1, '65,8', 3),
(322, 2000, 392, 'CZE ', 7, '90,17', 1),
(323, 1964, 391, 'URS ', 21, '57,27', 1),
(324, 1908, 446, 'USA ', 2, '37,99', 1),
(325, 1968, 360, 'USA ', 5, '2,24', 1),
(326, 1964, 636, 'URS ', 15, '16,58', 2),
(327, 2008, 618, 'RUS ', 12, '5,85', 2),
(328, 1904, 66, 'USA ', 13, '14,4', 2),
(329, 1896, 430, 'USA ', 1, '29,15', 1),
(330, 1928, 329, 'HAI ', 10, '7,58', 2),
(331, 1936, 97, 'USA ', 12, '4,35', 1),
(332, 1904, 441, 'USA ', 12, '3,43', 3),
(333, 1964, 306, 'HUN ', 13, '19,39', 3),
(334, 2004, 23, 'LTU ', 1, '69,89', 1),
(335, 2012, 11, 'FIN ', 7, '84,12', 3),
(336, 1928, 483, 'USA ', 12, '4,1', 3),
(337, 1956, 348, 'EUA ', 33, '15,61', 3),
(338, 1956, 693, 'USA ', 12, '4,56', 1),
(339, 1948, 277, 'ITA ', 1, '51,78', 2),
(340, 1988, 382, 'FIN ', 7, '84,28', 1),
(341, 1960, 6, 'USA ', 1, '58,02', 2),
(342, 1960, 374, 'URS ', 15, '16,63', 2),
(343, 1928, 313, 'USA ', 25, '1,56', 3),
(344, 1932, 427, 'USA ', 21, '40,12', 2),
(345, 1920, 524, 'FIN ', 7, '63,095', 3),
(346, 1956, 581, 'URS ', 27, '50,28', 3),
(347, 2008, 202, 'POL ', 13, '21,51', 1),
(348, 2000, 179, 'BLR ', 21, '65,2', 3),
(349, 1996, 519, 'GBR ', 5, '2,35', 3),
(350, 2004, 20, 'GRE ', 35, '15,25', 2),
(351, 1996, 649, 'FRA ', 12, '5,92', 1),
(352, 1928, 394, 'HUN ', 7, '65,26', 2),
(353, 1964, 535, 'USA ', 10, '8,03', 2),
(354, 1908, 475, 'SWE ', 8, '54,45', 1),
(355, 1924, 155, 'USA ', 12, '3,95', 1),
(356, 1924, 240, 'USA ', 10, '7,455', 1),
(357, 1996, 650, 'BLR ', 21, '65,64', 3),
(358, 1900, 610, 'USA ', 12, '3,3', 1),
(359, 1996, 619, 'CHN ', 33, '19,88', 2),
(360, 1928, 141, 'USA ', 13, '15,87', 1),
(361, 1964, 324, 'ROU ', 27, '60,54', 1),
(362, 1972, 424, 'USA ', 10, '8,03', 3),
(363, 1996, 713, 'HUN ', 4, '81,24', 1),
(364, 1968, 616, 'USA ', 13, '20,12', 2),
(365, 1968, 555, 'ITA ', 15, '17,22', 3),
(366, 1932, 8, 'FIN ', 7, '68,7', 3),
(367, 1964, 76, 'POL ', 30, '6,6', 2),
(368, 1932, 765, 'POL ', 21, '38,74', 3),
(369, 1932, 120, 'USA ', 25, '1,67', 1),
(370, 1984, 484, 'AUS ', 10, '8,24', 2),
(371, 1992, 130, 'ROU ', 25, '2', 2),
(372, 1992, 171, 'EUN ', 27, '68,26', 2),
(373, 1904, 432, 'USA ', 6, '1,45', 3),
(374, 1992, 82, 'CUB ', 21, '70,06', 1),
(375, 1980, 611, 'URS ', 15, '17,24', 2),
(376, 2008, 50, 'BRA ', 30, '7,04', 1),
(377, 1912, 205, 'USA ', 13, '15,25', 2),
(378, 1904, 252, 'USA ', 6, '1,45', 2),
(379, 1988, 361, 'FIN ', 7, '83,26', 3),
(380, 1924, 372, 'NOR ', 10, '7,26', 3),
(381, 2000, 173, 'RUS ', 24, '69,77', 2),
(382, 2012, 354, 'POL ', 24, '77,6', 2),
(383, 2012, 635, 'COL ', 35, '14,8', 2),
(384, 1912, 658, 'USA ', 12, '3,8', 3),
(385, 1976, 161, 'FIN ', 7, '87,92', 2),
(386, 2004, 41, 'USA ', 5, '2,34', 2),
(387, 1968, 349, 'URS ', 13, '20,09', 3),
(388, 1924, 668, 'FIN ', 7, '62,96', 1),
(389, 1900, 334, 'HUN ', 1, '36,04', 1),
(390, 2012, 752, 'GER ', 12, '5,91', 2),
(391, 1948, 102, 'SWE ', 30, '5,575', 3),
(392, 1904, 709, 'USA ', 6, '1,498', 1),
(393, 1956, 729, 'BRA ', 15, '16,35', 1),
(394, 1908, 80, 'CAN ', 4, '48,51', 3),
(395, 1952, 348, 'GER ', 33, '14,57', 2),
(396, 1948, 208, 'AUS ', 5, '1,98', 1),
(397, 1964, 642, 'HUN ', 4, '69,09', 2),
(398, 1960, 25, 'URS ', 27, '53,45', 3),
(399, 1972, 670, 'USA ', 10, '8,24', 1),
(400, 1988, 291, 'URS ', 33, '22,24', 1),
(401, 1932, 381, 'PHI ', 5, '1,97', 3),
(402, 1948, 200, 'USA ', 13, '16,42', 3),
(403, 1920, 688, 'FIN ', 15, '14,505', 1),
(404, 1900, 52, 'BOH ', 1, '35,25', 2),
(405, 1988, 256, 'USA ', 13, '22,39', 2),
(406, 1924, 426, 'USA ', 12, '3,9', 3),
(407, 2008, 366, 'UKR ', 21, '62,59', 3),
(408, 1964, 569, 'AUS ', 25, '1,8', 2),
(409, 1924, 518, 'USA ', 4, '53,295', 1),
(410, 2004, 472, 'CZE ', 5, '2,34', 3),
(411, 1936, 468, 'USA ', 10, '8,06', 1),
(412, 2012, 516, 'EST ', 1, '68,03', 3),
(413, 1904, 446, 'USA ', 1, '39,28', 1),
(414, 1948, 530, 'NOR ', 5, '1,95', 2),
(415, 1976, 115, 'GDR ', 21, '66,84', 3),
(416, 1908, 742, 'USA ', 10, '7,48', 1),
(417, 1952, 540, 'URS ', 15, '15,98', 2),
(418, 1948, 215, 'AUS ', 10, '7,555', 2),
(419, 1972, 196, 'USA ', 7, '84,42', 3),
(420, 1968, 373, 'GBR ', 30, '6,68', 2),
(421, 1964, 378, 'FIN ', 7, '82,66', 1),
(422, 2008, 527, 'RSA ', 10, '8,24', 2),
(423, 1924, 157, 'FRA ', 5, '1,92', 3),
(424, 1932, 151, 'JPN ', 10, '7,45', 3),
(425, 1984, 245, 'FIN ', 7, '86,76', 1),
(426, 1972, 126, 'BUL ', 30, '6,77', 2),
(427, 1960, 526, 'USA ', 13, '19,01', 3),
(428, 2000, 287, 'CUB ', 10, '8,55', 1),
(429, 1968, 249, 'URS ', 25, '1,8', 3),
(430, 1992, 653, 'EUN ', 12, '5,8', 1),
(431, 2000, 160, 'FIN ', 13, '21,29', 1),
(432, 1988, 254, 'CHN ', 33, '21,06', 3),
(433, 1984, 331, 'ROU ', 21, '63,64', 3),
(434, 1964, 631, 'URS ', 30, '6,42', 3),
(435, 1988, 537, 'GBR ', 27, '70,32', 2),
(436, 1908, 486, 'GBR ', 5, '1,88', 3),
(437, 1960, 634, 'ROU ', 21, '52,36', 3),
(438, 1960, 347, 'URS ', 21, '55,1', 1),
(439, 1956, 54, 'URS ', 21, '52,54', 2),
(440, 1904, 205, 'USA ', 4, '45,73', 3),
(441, 1936, 493, 'JPN ', 12, '4,25', 3),
(442, 1992, 690, 'AUS ', 21, '66,24', 3),
(443, 2012, 184, 'USA ', 15, '17,62', 2),
(444, 2012, 185, 'RUS ', 25, '2,03', 3),
(445, 1900, 709, 'USA ', 11, '3,21', 1),
(446, 2004, 448, 'RUS ', 30, '7,05', 2),
(447, 1952, 459, 'URS ', 30, '6,14', 2),
(448, 1972, 465, 'URS ', 4, '74,04', 3),
(449, 1996, 98, 'USA ', 10, '8,5', 1),
(450, 1992, 251, 'USA ', 13, '21,7', 1),
(451, 1992, 376, 'ESP ', 12, '5,75', 3),
(452, 2000, 706, 'RSA ', 25, '2,01', 2),
(453, 2004, 615, 'NOR ', 7, '86,5', 1),
(454, 1924, 163, 'USA ', 13, '14,995', 1),
(455, 2008, 629, 'USA ', 32, '4,8', 2),
(456, 1996, 732, 'USA ', 30, '7', 3),
(457, 1988, 584, 'URS ', 12, '5,8', 3),
(458, 1972, 383, 'TCH ', 30, '6,67', 3),
(459, 1972, 33, 'URS ', 33, '21,03', 1),
(460, 1952, 347, 'URS ', 21, '51,42', 1),
(461, 1896, 285, 'USA ', 12, '3,25', 2),
(462, 1996, 352, 'CZE ', 35, '14,98', 3),
(463, 1956, 377, 'URS ', 27, '53,86', 1),
(464, 1964, 241, 'URS ', 5, '2,18', 1),
(465, 2008, 322, 'BLR ', 24, '76,34', 1),
(466, 1936, 544, 'FIN ', 7, '70,77', 2),
(467, 1928, 532, 'FIN ', 1, '47,23', 2),
(468, 1900, 443, 'USA ', 13, '12,85', 2),
(469, 1896, 451, 'GRE ', 13, '11,2', 2),
(470, 2012, 211, 'UKR ', 7, '84,51', 2),
(471, 1964, 116, 'ROU ', 25, '1,9', 1),
(472, 1936, 689, 'FIN ', 13, '16,12', 2),
(473, 1976, 193, 'BUL ', 25, '1,91', 3),
(474, 1948, 747, 'FRA ', 21, '41,92', 1),
(475, 1988, 319, 'GDR ', 30, '7,22', 2),
(476, 1996, 256, 'USA ', 13, '21,62', 1),
(477, 2004, 605, 'SWE ', 15, '17,79', 1),
(478, 1992, 143, 'USA ', 13, '20,96', 2),
(479, 1936, 107, 'GER ', 27, '43,29', 2),
(480, 1972, 677, 'FRG ', 25, '1,92', 1),
(481, 1908, 709, 'USA ', 11, '3,335', 1),
(482, 1996, 415, 'CUB ', 15, '17,44', 3),
(483, 1992, 209, 'USA ', 10, '8,64', 2),
(484, 1964, 127, 'TCH ', 1, '60,52', 2),
(485, 1976, 405, 'GDR ', 1, '66,22', 2),
(486, 1980, 210, 'GDR ', 5, '2,36', 1),
(487, 1928, 700, 'GER ', 13, '15,72', 3),
(488, 1900, 709, 'USA ', 6, '1,655', 1),
(489, 1964, 638, 'URS ', 25, '1,78', 3),
(490, 1932, 138, 'USA ', 1, '48,47', 2),
(491, 1984, 244, 'GBR ', 7, '85,74', 2),
(492, 1968, 156, 'URS ', 4, '73,28', 2),
(493, 1984, 3, 'ROU ', 33, '20,47', 2),
(494, 1984, 474, 'CHN ', 5, '2,31', 3),
(495, 2004, 341, 'CUB ', 27, '71,53', 1),
(496, 1992, 237, 'BAH ', 15, '17,36', 3),
(497, 1988, 697, 'URS ', 5, '2,38', 1),
(498, 1976, 129, 'TCH ', 33, '20,67', 3),
(499, 2008, 368, 'NZL ', 33, '20,56', 1),
(500, 1972, 22, 'URS ', 7, '90,46', 2),
(501, 1960, 17, 'EUA ', 7, '79,36', 2),
(502, 2008, 23, 'LTU ', 1, '67,79', 3),
(503, 2000, 744, 'USA ', 12, '5,9', 1),
(504, 1976, 424, 'USA ', 10, '8,35', 1),
(505, 1908, 296, 'CAN ', 15, '14,76', 2),
(506, 1996, 137, 'JAM ', 10, '8,29', 2),
(507, 1912, 471, 'FIN ', 3, '82,86', 1),
(508, 1968, 217, 'AUT ', 27, '58,04', 3),
(509, 1908, 727, 'USA ', 5, '1,9', 1),
(510, 1908, 267, 'USA ', 13, '13,18', 3),
(511, 1992, 98, 'USA ', 10, '8,67', 1),
(512, 1960, 407, 'USA ', 10, '8,11', 2),
(513, 1988, 554, 'USA ', 5, '2,36', 2),
(514, 1972, 714, 'URS ', 4, '75,5', 1),
(515, 1952, 641, 'USA ', 7, '73,78', 1),
(516, 1956, 177, 'POL ', 30, '6,35', 1),
(517, 1968, 731, 'URS ', 5, '2,2', 3),
(518, 2004, 573, 'RUS ', 32, '4,75', 2),
(519, 1952, 583, 'GER ', 4, '58,86', 2),
(520, 1948, 183, 'USA ', 13, '16,68', 2),
(521, 1928, 199, 'USA ', 4, '49,03', 3),
(522, 2012, 49, 'USA ', 30, '7,12', 1),
(523, 1988, 209, 'USA ', 10, '8,49', 2),
(524, 1920, 586, 'USA ', 5, '1,9', 2),
(525, 1984, 672, 'FIN ', 4, '78,08', 1),
(526, 1984, 321, 'USA ', 13, '20,97', 3),
(527, 1928, 163, 'USA ', 1, '47,32', 1),
(528, 1900, 367, 'USA ', 4, '49,13', 2),
(529, 2000, 622, 'USA ', 13, '21,2', 3),
(530, 2012, 201, 'GER ', 27, '65,16', 2),
(531, 1932, 718, 'FIN ', 4, '52,27', 2),
(532, 1936, 751, 'HUN ', 25, '1,6', 1),
(533, 2008, 702, 'FIN ', 7, '86,16', 3),
(534, 1904, 59, 'USA ', 11, '3,26', 3),
(535, 1952, 419, 'URS ', 21, '46,29', 3),
(536, 1896, 478, 'USA ', 15, '13,71', 1),
(537, 1928, 203, 'USA ', 10, '7,73', 1),
(538, 1960, 607, 'USA ', 12, '4,7', 1),
(539, 1948, 747, 'FRA ', 25, '1,61', 3),
(540, 1932, 151, 'JPN ', 15, '15,72', 1),
(541, 2004, 19, 'GER ', 33, '19,55', 2),
(542, 1908, 671, 'USA ', 4, '51,18', 2),
(543, 1960, 7, 'TCH ', 27, '53,78', 2),
(544, 1988, 79, 'URS ', 15, '17,42', 3),
(545, 1984, 325, 'USA ', 25, '1,97', 3),
(546, 1928, 624, 'SWE ', 4, '51,29', 2),
(547, 1972, 758, 'ROU ', 21, '65,06', 2),
(548, 1948, 476, 'GBR ', 25, '1,68', 2),
(549, 1956, 379, 'USA ', 25, '1,76', 1),
(550, 1960, 535, 'USA ', 10, '8,12', 1),
(551, 1972, 611, 'URS ', 15, '17,35', 1),
(552, 1912, 67, 'USA ', 12, '3,85', 2),
(553, 2004, 149, 'CUB ', 24, '73,36', 2),
(554, 1960, 177, 'POL ', 30, '6,27', 2),
(555, 2000, 384, 'RUS ', 15, '17,46', 3),
(556, 1956, 565, 'TCH ', 13, '17,65', 3),
(557, 1960, 562, 'POL ', 4, '65,64', 3),
(558, 1908, 96, 'NOR ', 7, '50,57', 2),
(559, 2000, 678, 'ITA ', 30, '6,92', 2),
(560, 1956, 248, 'USA ', 13, '18,57', 1),
(561, 1992, 100, 'EUN ', 4, '82,54', 1),
(562, 1964, 680, 'EUA ', 33, '17,61', 2),
(563, 1920, 453, 'SWE ', 10, '7,15', 1),
(564, 1996, 454, 'UKR ', 35, '15,33', 1),
(565, 1912, 282, 'USA ', 5, '1,89', 3),
(566, 1968, 425, 'HUN ', 4, '69,78', 3),
(567, 1900, 572, 'HUN ', 5, '1,75', 3),
(568, 1900, 589, 'FRA ', 11, '3,03', 3),
(569, 2000, 590, 'CUB ', 15, '17,47', 2),
(570, 1904, 481, 'USA ', 16, '10,16', 2),
(571, 1948, 286, 'DEN ', 27, '42,08', 3),
(572, 2000, 319, 'GER ', 30, '6,99', 1),
(573, 1904, 252, 'USA ', 16, '9,6', 3),
(574, 1936, 105, 'GER ', 4, '56,49', 1),
(575, 1936, 553, 'USA ', 1, '49,36', 2),
(576, 1896, 430, 'USA ', 10, '6,18', 2),
(577, 1992, 470, 'EUN ', 33, '21,06', 1),
(578, 1896, 644, 'USA ', 12, '3,3', 1),
(579, 1912, 191, 'GRE ', 11, '3,37', 1),
(580, 1996, 673, 'BLR ', 1, '66,6', 2),
(581, 1984, 594, 'ITA ', 13, '21,26', 1),
(582, 1900, 443, 'USA ', 4, '42,46', 3),
(583, 2012, 639, 'KAZ ', 35, '14,98', 1),
(584, 2012, 74, 'RUS ', 24, '78,18', 1),
(585, 2000, 464, 'GRE ', 21, '65,71', 2),
(586, 1964, 633, 'USA ', 5, '2,18', 2),
(587, 1988, 717, 'BUL ', 15, '17,61', 1),
(588, 1992, 469, 'EUN ', 13, '20,94', 3),
(589, 1896, 596, 'GRE ', 1, '28,78', 3),
(590, 1928, 316, 'USA ', 12, '4,2', 1),
(591, 2004, 464, 'GRE ', 21, '66,68', 2),
(592, 1964, 133, 'EUA ', 21, '57,21', 2),
(593, 1976, 64, 'USA ', 5, '2,21', 3),
(594, 1936, 655, 'JPN ', 10, '7,74', 3),
(595, 1908, 386, 'USA ', 4, '51,92', 1),
(596, 1968, 127, 'TCH ', 1, '62,92', 3),
(597, 1912, 284, 'CAN ', 10, '7,21', 2),
(598, 1948, 147, 'TUR ', 15, '15,025', 3),
(599, 1956, 109, 'AUS ', 5, '2,1', 2),
(600, 1936, 728, 'GER ', 7, '71,84', 1),
(601, 1936, 512, 'USA ', 1, '50,48', 1),
(602, 1972, 603, 'POL ', 13, '21,18', 1),
(603, 1932, 188, 'USA ', 10, '7,64', 1),
(604, 1928, 314, 'NED ', 25, '1,56', 2),
(605, 2008, 434, 'GBR ', 5, '2,34', 2),
(606, 2012, 202, 'POL ', 13, '21,89', 1),
(607, 2000, 29, 'GRE ', 27, '67,51', 2),
(608, 1956, 364, 'USA ', 12, '4,53', 2),
(609, 1960, 300, 'EUA ', 33, '16,61', 2),
(610, 1956, 485, 'URS ', 30, '6,07', 3),
(611, 1948, 646, 'AUS ', 15, '15,365', 2),
(612, 1948, 498, 'HUN ', 30, '5,695', 1),
(613, 1980, 293, 'GDR ', 30, '7,04', 2),
(614, 2012, 353, 'IRI ', 1, '68,18', 2),
(615, 1980, 294, 'GDR ', 21, '69,96', 1),
(616, 1984, 58, 'USA ', 21, '64,86', 2),
(617, 1948, 330, 'ARG ', 30, '5,6', 2),
(618, 1904, 218, 'USA ', 5, '1,778', 2),
(619, 1992, 86, 'EUN ', 12, '5,8', 2),
(620, 1920, 375, 'FIN ', 7, '63,5', 2),
(621, 1980, 108, 'URS ', 27, '67,76', 2),
(622, 2004, 558, 'CMR ', 35, '15,3', 1),
(623, 1900, 610, 'USA ', 16, '9,95', 2),
(624, 1992, 232, 'SWE ', 5, '2,34', 2),
(625, 1908, 541, 'CAN ', 12, '3,58', 3),
(626, 1976, 212, 'POL ', 5, '2,25', 1),
(627, 1912, 412, 'USA ', 1, '42,32', 2),
(628, 1960, 420, 'USA ', 13, '19,68', 1),
(629, 1988, 231, 'FRG ', 1, '67,38', 3),
(630, 1984, 750, 'FIN ', 27, '69', 2),
(631, 1960, 391, 'URS ', 33, '17,32', 1),
(632, 1920, 140, 'USA ', 4, '48,25', 3),
(633, 1932, 257, 'USA ', 5, '1,97', 2),
(634, 1976, 358, 'GDR ', 25, '1,93', 1),
(635, 2012, 146, 'RUS ', 21, '67,56', 2),
(636, 1904, 288, 'USA ', 10, '6,88', 3),
(637, 1904, 626, 'USA ', 10, '7,34', 1),
(638, 1992, 617, 'GER ', 1, '64,94', 2),
(639, 2008, 46, 'POL ', 1, '67,82', 2),
(640, 1968, 223, 'GDR ', 33, '18,78', 2),
(641, 1980, 104, 'GDR ', 27, '66,56', 3),
(642, 2004, 657, 'CUB ', 33, '19,59', 1),
(643, 1956, 132, 'CHI ', 27, '50,38', 2),
(644, 2000, 35, 'AUS ', 10, '8,49', 2),
(645, 1952, 224, 'USA ', 10, '7,53', 2),
(646, 1900, 430, 'USA ', 13, '12,37', 3),
(647, 1976, 13, 'USA ', 27, '63,96', 3),
(648, 1976, 121, 'USA ', 1, '65,7', 3),
(649, 1976, 611, 'URS ', 15, '17,29', 1),
(650, 1964, 51, 'EUA ', 12, '5', 3),
(651, 1952, 694, 'URS ', 21, '47,08', 2),
(652, 1980, 408, 'URS ', 33, '21,42', 2),
(653, 2000, 18, 'RUS ', 7, '88,67', 3),
(654, 1988, 239, 'GDR ', 33, '21,07', 2),
(655, 1996, 411, 'GRE ', 25, '2,03', 2),
(656, 1992, 319, 'GER ', 30, '7,14', 1),
(657, 2004, 602, 'JPN ', 4, '82,91', 1),
(658, 1996, 748, 'UKR ', 25, '2,01', 3),
(659, 1984, 660, 'GBR ', 15, '16,87', 3),
(660, 2000, 414, 'BLR ', 33, '20,56', 1),
(661, 2012, 762, 'CUB ', 32, '4,75', 2),
(662, 1960, 633, 'USA ', 5, '2,14', 3),
(663, 1948, 559, 'FIN ', 12, '4,2', 2),
(664, 1936, 522, 'FIN ', 7, '70,72', 3),
(665, 1912, 591, 'FIN ', 14, '27,14', 3),
(666, 2008, 149, 'CUB ', 24, '75,2', 2),
(667, 1984, 307, 'SWE ', 7, '83,72', 3),
(668, 2000, 83, 'USA ', 32, '4,6', 1),
(669, 1956, 687, 'USA ', 1, '54,81', 2),
(670, 1992, 265, 'EUN ', 4, '81,38', 3),
(671, 1988, 392, 'TCH ', 7, '84,12', 2),
(672, 1924, 176, 'USA ', 10, '7,275', 2),
(673, 2000, 653, 'RUS ', 12, '5,9', 3),
(674, 1920, 591, 'FIN ', 1, '44,685', 1),
(675, 1904, 481, 'USA ', 11, '3,28', 2),
(676, 1896, 674, 'FRA ', 15, '12,7', 2),
(677, 1984, 121, 'USA ', 1, '65,46', 3),
(678, 1948, 402, 'ITA ', 1, '52,78', 1),
(679, 1968, 535, 'USA ', 10, '8,16', 3),
(680, 1964, 280, 'EUA ', 4, '68,09', 3),
(681, 1976, 670, 'USA ', 10, '8,11', 2),
(682, 1908, 704, 'USA ', 10, '7,09', 2),
(683, 1912, 444, 'SWE ', 15, '14,76', 1),
(684, 1928, 279, 'USA ', 1, '47,1', 3),
(685, 2008, 615, 'NOR ', 7, '90,57', 1),
(686, 1968, 642, 'HUN ', 4, '73,36', 1),
(687, 1912, 504, 'USA ', 5, '1,93', 1),
(688, 1908, 284, 'CAN ', 10, '7,08', 3),
(689, 2008, 20, 'GRE ', 35, '15,23', 3),
(690, 1976, 495, 'URS ', 13, '21', 3),
(691, 1928, 24, 'SWE ', 21, '35,92', 3),
(692, 1932, 222, 'USA ', 25, '1,64', 2),
(693, 1988, 410, 'GDR ', 21, '71,88', 2),
(694, 1972, 10, 'BUL ', 33, '19,35', 3),
(695, 1976, 65, 'HUN ', 7, '94,58', 1),
(696, 2004, 16, 'HUN ', 1, '67,04', 2),
(697, 2012, 268, 'RUS ', 33, '20,48', 2),
(698, 1912, 593, 'GER ', 5, '1,91', 2),
(699, 1980, 93, 'ITA ', 25, '1,97', 1),
(700, 2008, 283, 'BLR ', 33, '20,28', 2),
(701, 1960, 460, 'USA ', 1, '59,18', 1),
(702, 1968, 611, 'URS ', 15, '17,39', 1),
(703, 1900, 563, 'GBR ', 10, '6,95', 3),
(704, 1980, 242, 'TCH ', 1, '66,38', 2),
(705, 1924, 497, 'USA ', 1, '44,83', 3),
(706, 1996, 48, 'USA ', 4, '81,12', 2),
(707, 1972, 123, 'GDR ', 5, '2,21', 2),
(708, 1968, 134, 'FIN ', 7, '88,58', 2),
(709, 1976, 190, 'ROU ', 7, '87,16', 3),
(710, 1976, 93, 'ITA ', 25, '1,91', 2),
(711, 1948, 489, 'FIN ', 27, '43,79', 2),
(712, 2012, 192, 'QAT ', 5, '2,29', 3),
(713, 2004, 561, 'RUS ', 21, '67,02', 1),
(714, 1992, 570, 'LTU ', 1, '65,12', 1),
(715, 1928, 664, 'CAN ', 25, '1,59', 1),
(716, 1908, 431, 'USA ', 12, '3,58', 3),
(717, 1948, 335, 'USA ', 7, '67,56', 2),
(718, 1936, 614, 'USA ', 5, '2,03', 1),
(719, 1976, 764, 'CAN ', 5, '2,23', 2),
(720, 1980, 734, 'GDR ', 7, '86,72', 3),
(721, 1960, 391, 'URS ', 21, '52,59', 2),
(722, 1960, 587, 'URS ', 5, '2,16', 1),
(723, 1912, 471, 'FIN ', 1, '45,21', 1),
(724, 1932, 21, 'JPN ', 15, '15,12', 3),
(725, 2000, 529, 'USA ', 12, '5,9', 2),
(726, 1992, 361, 'FIN ', 7, '86,6', 2),
(727, 1912, 625, 'USA ', 13, '15,34', 1),
(728, 1976, 488, 'URS ', 30, '6,6', 3),
(729, 1912, 205, 'USA ', 14, '27,7', 1),
(730, 1936, 73, 'GER ', 25, '1,6', 3),
(731, 1952, 106, 'HUN ', 4, '60,34', 1),
(732, 1956, 347, 'URS ', 21, '52,02', 3),
(733, 1968, 33, 'URS ', 33, '18,19', 3),
(734, 1912, 625, 'USA ', 14, '27,53', 2),
(735, 1936, 500, 'GER ', 13, '16,2', 1),
(736, 1912, 591, 'FIN ', 3, '77,96', 2),
(737, 2012, 600, 'RUS ', 30, '7,07', 2),
(738, 1948, 40, 'HUN ', 4, '56,07', 1),
(739, 1948, 723, 'SWE ', 15, '15,4', 1),
(740, 1964, 255, 'USA ', 13, '20,2', 2),
(741, 1912, 499, 'USA ', 12, '3,95', 1),
(742, 1928, 715, 'USA ', 13, '15,75', 2),
(743, 2004, 428, 'TUR ', 4, '79,51', 2),
(744, 1952, 136, 'USA ', 13, '17,39', 2),
(745, 1980, 651, 'GDR ', 25, '1,94', 3),
(746, 1924, 688, 'FIN ', 15, '15,37', 3),
(747, 2004, 525, 'SWE ', 5, '2,36', 1),
(748, 1972, 507, 'AUT ', 25, '1,88', 3),
(749, 1968, 255, 'USA ', 13, '20,54', 1),
(750, 1948, 119, 'AUT ', 27, '45,57', 1),
(751, 2008, 445, 'PAN ', 10, '8,34', 1),
(752, 2000, 101, 'RSA ', 1, '68,19', 3),
(753, 1900, 87, 'NOR ', 12, '3,2', 3),
(754, 1960, 637, 'URS ', 7, '84,64', 1),
(755, 1984, 403, 'ROU ', 30, '6,81', 2),
(756, 1952, 219, 'GBR ', 30, '5,92', 3),
(757, 1904, 503, 'USA ', 5, '1,803', 1),
(758, 2008, 707, 'SLO ', 4, '82,02', 1),
(759, 1988, 311, 'URS ', 15, '17,52', 2),
(760, 1948, 295, 'AUT ', 33, '13,08', 3),
(761, 1984, 125, 'ROU ', 30, '6,96', 1),
(762, 1920, 362, 'SWE ', 10, '7,08', 3),
(763, 1908, 475, 'SWE ', 7, '54,83', 1),
(764, 1924, 290, 'GBR ', 4, '48,875', 3),
(765, 2000, 344, 'BUL ', 35, '15,2', 1),
(766, 1976, 661, 'FIN ', 12, '5,5', 2),
(767, 2008, 632, 'POR ', 15, '17,67', 1),
(768, 1948, 53, 'FRA ', 21, '40,47', 3),
(769, 1948, 693, 'USA ', 12, '4,2', 3),
(770, 1972, 193, 'BUL ', 25, '1,88', 2),
(771, 1948, 691, 'USA ', 12, '4,3', 1),
(772, 1932, 9, 'CAN ', 5, '1,97', 1),
(773, 1948, 309, 'YUG ', 4, '54,27', 2),
(774, 1996, 561, 'RUS ', 21, '66,48', 2),
(775, 1948, 747, 'FRA ', 33, '13,75', 1),
(776, 1920, 174, 'SWE ', 4, '48,43', 2),
(777, 1992, 247, 'CHN ', 33, '20,47', 2),
(778, 1968, 536, 'FRG ', 21, '57,76', 2),
(779, 1908, 446, 'USA ', 11, '3,225', 3),
(780, 1908, 278, 'SWE ', 7, '47,11', 3),
(781, 1976, 543, 'GDR ', 10, '8,02', 3),
(782, 1956, 297, 'FIN ', 10, '7,48', 3),
(783, 1980, 77, 'URS ', 30, '7,06', 1),
(784, 2008, 549, 'BLR ', 4, '81,51', 3),
(785, 2000, 650, 'BLR ', 21, '68,4', 1),
(786, 1964, 460, 'USA ', 1, '61', 1),
(787, 2008, 573, 'RUS ', 32, '4,75', 3),
(788, 1924, 462, 'USA ', 13, '14,64', 3),
(789, 1952, 729, 'BRA ', 15, '16,22', 1),
(790, 1904, 557, 'USA ', 12, '3,5', 1),
(791, 1980, 523, 'BRA ', 15, '17,22', 3),
(792, 1932, 222, 'USA ', 27, '43,68', 1),
(793, 1952, 153, 'VEN ', 15, '15,52', 3),
(794, 2012, 659, 'ITA ', 15, '17,48', 3),
(795, 1936, 113, 'GER ', 27, '45,18', 1),
(796, 1984, 423, 'USA ', 15, '17,18', 2),
(797, 1912, 310, 'USA ', 4, '48,17', 3),
(798, 2000, 26, 'RUS ', 5, '2,35', 1),
(799, 1968, 696, 'FRG ', 12, '5,4', 2),
(800, 1968, 233, 'USA ', 10, '8,9', 1),
(801, 1900, 175, 'USA ', 15, '13,64', 3),
(802, 2008, 516, 'EST ', 1, '68,82', 1),
(803, 1952, 517, 'URS ', 27, '49,76', 3),
(804, 2004, 706, 'RSA ', 25, '2,02', 2),
(805, 1980, 220, 'GDR ', 10, '8,54', 1),
(806, 2012, 447, 'TTO ', 7, '84,58', 1),
(807, 1988, 390, 'GDR ', 21, '72,3', 1),
(808, 2012, 197, 'USA ', 5, '2,33', 2),
(809, 1900, 175, 'USA ', 6, '1,5', 3),
(810, 1988, 692, 'BUL ', 25, '2,01', 2),
(811, 1976, 225, 'URS ', 13, '21,03', 2),
(812, 1980, 598, 'URS ', 30, '7,01', 3),
(813, 2012, 585, 'UKR ', 35, '14,79', 3),
(814, 1980, 243, 'URS ', 4, '80,64', 2),
(815, 1912, 506, 'SWE ', 15, '14,51', 2),
(816, 2004, 398, 'USA ', 10, '8,47', 2),
(817, 2012, 388, 'NZL ', 33, '20,7', 1),
(818, 1948, 206, 'USA ', 25, '1,68', 1),
(819, 1976, 294, 'GDR ', 21, '69', 1),
(820, 1924, 258, 'USA ', 7, '58,35', 3),
(821, 1996, 86, 'RUS ', 12, '5,92', 2),
(822, 1988, 617, 'GDR ', 1, '68,82', 1),
(823, 2000, 118, 'GBR ', 7, '89,85', 2),
(824, 1968, 711, 'USA ', 12, '5,4', 1),
(825, 1908, 528, 'USA ', 12, '3,71', 1),
(826, 2008, 154, 'RUS ', 5, '2,36', 1),
(827, 1984, 743, 'AUS ', 33, '19,19', 3),
(828, 1984, 461, 'USA ', 15, '17,26', 1),
(829, 1956, 214, 'URS ', 5, '2,08', 3),
(830, 1968, 172, 'ROU ', 30, '6,82', 1),
(831, 2000, 508, 'GER ', 33, '19,62', 3),
(832, 1992, 719, 'USA ', 10, '8,34', 3),
(833, 2012, 227, 'GER ', 12, '5,91', 3),
(834, 1960, 662, 'URS ', 4, '67,1', 1),
(835, 2004, 142, 'RUS ', 35, '15,14', 3),
(836, 1992, 454, 'EUN ', 30, '7,12', 2),
(837, 2012, 515, 'USA ', 32, '4,75', 1),
(838, 1956, 332, 'TCH ', 21, '53,69', 1),
(839, 2000, 566, 'ROU ', 25, '1,99', 3),
(840, 1992, 239, 'GER ', 33, '19,78', 3),
(841, 2008, 735, 'USA ', 13, '21,09', 2),
(842, 1904, 458, 'USA ', 10, '6,89', 2),
(843, 1936, 38, 'USA ', 5, '2', 3),
(844, 1956, 198, 'URS ', 4, '62,56', 3),
(845, 2008, 90, 'LAT ', 7, '86,64', 2),
(846, 1976, 393, 'USA ', 30, '6,66', 2),
(847, 1980, 345, 'BUL ', 21, '67,9', 2),
(848, 1928, 479, 'USA ', 12, '4,1', 2),
(849, 1896, 597, 'GRE ', 15, '12,52', 3),
(850, 1988, 722, 'USA ', 25, '2,03', 1),
(851, 1952, 693, 'USA ', 12, '4,55', 1),
(852, 1900, 389, 'USA ', 13, '14,1', 1),
(853, 1908, 205, 'USA ', 13, '14,21', 1),
(854, 1964, 440, 'URS ', 15, '16,57', 3),
(855, 2004, 357, 'ROU ', 15, '17,55', 2),
(856, 1904, 709, 'USA ', 16, '10,54', 1),
(857, 1956, 339, 'URS ', 25, '1,67', 3),
(858, 1964, 259, 'HUN ', 7, '82,32', 2),
(859, 1896, 478, 'USA ', 10, '6,11', 3),
(860, 1992, 145, 'AUS ', 5, '2,34', 3),
(861, 1988, 5, 'BUL ', 21, '69,74', 3),
(862, 1968, 343, 'HUN ', 27, '60,36', 1),
(863, 1900, 478, 'USA ', 15, '13,97', 2),
(864, 1984, 72, 'FRG ', 4, '76,68', 3),
(865, 1928, 620, 'FRA ', 5, '1,91', 3),
(866, 1960, 399, 'URS ', 10, '8,04', 3),
(867, 1932, 114, 'SWE ', 15, '15,32', 2),
(868, 1896, 385, 'GRE ', 12, '2,6', 3),
(869, 1968, 460, 'USA ', 1, '64,78', 1),
(870, 1988, 99, 'URS ', 12, '5,85', 2),
(871, 1988, 75, 'URS ', 4, '81,16', 3),
(872, 1980, 275, 'URS ', 7, '91,2', 1),
(873, 1896, 430, 'USA ', 5, '1,65', 3),
(874, 1912, 266, 'USA ', 10, '7,6', 1),
(875, 1956, 736, 'URS ', 33, '16,59', 1),
(876, 1908, 396, 'NOR ', 15, '14,39', 3),
(877, 2000, 350, 'RUS ', 33, '19,92', 2),
(878, 1956, 757, 'POL ', 7, '79,98', 2),
(879, 1960, 754, 'USA ', 33, '16,42', 3),
(880, 1912, 477, 'USA ', 11, '3,36', 2),
(881, 2004, 491, 'ITA ', 12, '5,85', 3),
(882, 1980, 621, 'GDR ', 33, '22,41', 1),
(883, 1900, 626, 'USA ', 10, '7,175', 2),
(884, 1936, 765, 'POL ', 21, '46,22', 2),
(885, 1984, 677, 'FRG ', 25, '2,02', 1),
(886, 1924, 571, 'ARG ', 15, '15,425', 2),
(887, 2004, 397, 'EST ', 1, '66,66', 3),
(888, 2012, 159, 'CHN ', 21, '67,22', 3),
(889, 1948, 547, 'USA ', 10, '7,545', 3),
(890, 1964, 274, 'USA ', 12, '5,1', 1),
(891, 1956, 576, 'USA ', 10, '7,83', 1),
(892, 2008, 560, 'BEL ', 25, '2,05', 1),
(893, 1928, 303, 'USA ', 5, '1,94', 1),
(894, 1996, 250, 'USA ', 15, '18,09', 1),
(895, 1920, 480, 'SWE ', 5, '1,9', 3),
(896, 1948, 110, 'ITA ', 21, '41,17', 2),
(897, 2012, 701, 'USA ', 13, '21,23', 3),
(898, 2000, 178, 'GBR ', 15, '17,71', 1),
(899, 1920, 668, 'FIN ', 7, '65,78', 1),
(900, 1920, 14, 'SWE ', 15, '14,48', 2),
(901, 2000, 292, 'USA ', 13, '21,21', 2),
(902, 2012, 355, 'CHN ', 33, '20,22', 3),
(903, 2008, 201, 'GER ', 27, '66,13', 3),
(904, 1964, 399, 'URS ', 10, '7,99', 3),
(905, 1972, 342, 'URS ', 21, '66,62', 1),
(906, 2004, 292, 'USA ', 13, '21,16', 1),
(907, 1904, 205, 'USA ', 13, '14,881', 1),
(908, 1920, 238, 'USA ', 1, '42,13', 3),
(909, 1952, 400, 'URS ', 33, '14,5', 3),
(910, 1960, 645, 'USA ', 12, '4,6', 2),
(911, 1984, 162, 'USA ', 12, '5,65', 2),
(912, 1980, 708, 'CUB ', 27, '68,4', 1),
(913, 2008, 124, 'RUS ', 25, '2,03', 3),
(914, 1932, 4, 'TCH ', 13, '15,61', 3),
(915, 2000, 189, 'UKR ', 35, '14,96', 3),
(916, 1968, 552, 'GDR ', 12, '5,4', 3),
(917, 1984, 539, 'FRG ', 33, '20,48', 1),
(918, 1956, 667, 'USA ', 1, '54,4', 3),
(919, 2008, 85, 'CHN ', 24, '74,32', 3),
(920, 1968, 169, 'GDR ', 10, '8,19', 2),
(921, 1912, 671, 'USA ', 4, '54,74', 1),
(922, 2012, 510, 'GER ', 13, '21,86', 2),
(923, 1996, 406, 'RUS ', 33, '19,35', 3),
(924, 1964, 156, 'URS ', 4, '69,74', 1),
(925, 1972, 68, 'FRG ', 10, '8,18', 2),
(926, 2012, 305, 'USA ', 30, '6,89', 3),
(927, 1956, 81, 'NOR ', 7, '85,71', 1),
(928, 1984, 158, 'USA ', 12, '5,6', 3),
(929, 1948, 253, 'HUN ', 7, '67,03', 3),
(930, 2004, 513, 'RUS ', 25, '2,06', 1),
(931, 1896, 685, 'USA ', 10, '6,35', 1),
(932, 1956, 111, 'GRE ', 12, '4,5', 3),
(933, 1992, 732, 'USA ', 30, '7,07', 3),
(934, 1972, 682, 'BRA ', 15, '17,05', 3),
(935, 1936, 263, 'SWE ', 4, '54,83', 3),
(936, 1980, 42, 'GDR ', 13, '21,06', 3),
(937, 1988, 243, 'URS ', 4, '84,8', 1),
(938, 1952, 466, 'USA ', 5, '2,01', 2),
(939, 1956, 47, 'USA ', 10, '7,68', 2),
(940, 1936, 62, 'GER ', 21, '47,63', 1),
(941, 1924, 216, 'FIN ', 1, '44,95', 2),
(942, 1996, 609, 'FIN ', 27, '67,94', 1),
(943, 1972, 39, 'USA ', 12, '5,35', 3),
(944, 1964, 517, 'URS ', 27, '57,06', 3),
(945, 1932, 346, 'FIN ', 7, '69,8', 2),
(946, 1908, 725, 'GRE ', 8, '51,36', 2),
(947, 1932, 684, 'USA ', 13, '16', 1),
(948, 1968, 550, 'GDR ', 1, '63,08', 2),
(949, 1964, 452, 'HUN ', 27, '58,27', 2),
(950, 1896, 370, 'GRE ', 1, '28,95', 2),
(951, 1972, 505, 'SWE ', 1, '63,4', 3),
(952, 2004, 29, 'GRE ', 27, '64,29', 3),
(953, 1972, 616, 'USA ', 13, '21,17', 2),
(954, 1992, 135, 'EUN ', 4, '81,96', 2),
(955, 1928, 429, 'USA ', 10, '7,4', 3),
(956, 1976, 187, 'USA ', 15, '17,18', 2),
(957, 1992, 669, 'GER ', 27, '68,34', 1),
(958, 2000, 520, 'NOR ', 27, '68,91', 1),
(959, 2004, 317, 'RUS ', 30, '7,05', 3),
(960, 1948, 328, 'USA ', 10, '7,825', 1),
(961, 1980, 31, 'POL ', 12, '5,65', 3),
(962, 1904, 442, 'USA ', 15, '13,9', 2),
(963, 1952, 248, 'USA ', 13, '17,41', 1),
(964, 1976, 168, 'GDR ', 30, '6,72', 1),
(965, 1932, 308, 'USA ', 13, '15,67', 2),
(966, 1912, 318, 'USA ', 12, '3,85', 2),
(967, 1980, 61, 'POL ', 25, '1,94', 2),
(968, 1976, 714, 'URS ', 4, '75,48', 3),
(969, 1936, 404, 'USA ', 5, '2', 2),
(970, 1952, 542, 'BRA ', 5, '1,98', 3),
(971, 2012, 12, 'USA ', 15, '17,81', 1),
(972, 1924, 27, 'AUS ', 15, '15,525', 1),
(973, 1948, 676, 'USA ', 13, '17,12', 1),
(974, 2012, 69, 'GBR ', 10, '8,31', 1),
(975, 1936, 655, 'JPN ', 15, '16', 1),
(976, 1960, 534, 'POL ', 15, '16,81', 1),
(977, 1920, 182, 'SWE ', 15, '14,275', 3),
(978, 1984, 612, 'NED ', 21, '65,36', 1),
(979, 2008, 142, 'RUS ', 30, '7,03', 2),
(980, 1920, 36, 'USA ', 13, '14,15', 3),
(981, 1976, 33, 'URS ', 33, '20,96', 2),
(982, 1992, 546, 'GER ', 25, '2,02', 1),
(983, 1984, 232, 'SWE ', 5, '2,33', 2),
(984, 1912, 375, 'FIN ', 9, '100,24', 3),
(985, 1984, 117, 'USA ', 13, '21,09', 2),
(986, 1996, 531, 'GER ', 1, '69,4', 1),
(987, 2000, 502, 'UKR ', 10, '8,31', 3),
(988, 1968, 634, 'ROU ', 21, '58,28', 1),
(989, 1976, 345, 'BUL ', 21, '67,3', 2),
(990, 1904, 387, 'USA ', 4, '50,265', 2),
(991, 1928, 737, 'USA ', 5, '1,91', 2),
(992, 1896, 430, 'USA ', 13, '11,22', 1),
(993, 1952, 200, 'USA ', 13, '17,06', 3),
(994, 1996, 719, 'USA ', 10, '8,24', 3),
(995, 2000, 371, 'SWE ', 25, '1,99', 3),
(996, 2012, 630, 'USA ', 25, '2,03', 2),
(997, 2004, 165, 'UKR ', 25, '2,02', 3),
(998, 1932, 113, 'GER ', 27, '43', 3),
(999, 1952, 459, 'URS ', 27, '50,01', 2),
(1000, 1920, 351, 'USA ', 12, '4,09', 1),
(1001, 1936, 369, 'GER ', 4, '55,04', 2),
(1002, 1972, 588, 'GDR ', 33, '20,22', 2),
(1003, 1920, 666, 'USA ', 10, '7,095', 2);

-- --------------------------------------------------------

--
-- Tábla szerkezet ehhez a táblához `versenyszam`
--

CREATE TABLE `versenyszam` (
  `az` int(11) NOT NULL,
  `nev` varchar(32) CHARACTER SET utf8 DEFAULT NULL,
  `tipus` varchar(4) CHARACTER SET utf8 DEFAULT NULL,
  `nem` varchar(5) CHARACTER SET utf8 DEFAULT NULL
) ENGINE=InnoDB DEFAULT CHARSET=utf8 COLLATE=utf8_hungarian_ci;

--
-- A tábla adatainak kiíratása `versenyszam`
--

INSERT INTO `versenyszam` (`az`, `nev`, `tipus`, `nem`) VALUES
(1, 'diszkoszvetés', 'dobó', 'férfi'),
(2, 'klasszikus stílusú diszkoszvetés', 'dobó', 'férfi'),
(3, 'kétkezes diszkoszvetés', 'dobó', 'férfi'),
(4, 'kalapácsvetés', 'dobó', 'férfi'),
(5, 'magasugrás', 'ugró', 'férfi'),
(6, 'helyből magasugrás', 'ugró', 'férfi'),
(7, 'gerelyhajítás', 'dobó', 'férfi'),
(8, 'szabad stílusú gerelyhajítás', 'dobó', 'férfi'),
(9, 'kétkezes gerelyhajítás', 'dobó', 'férfi'),
(10, 'távolugrás', 'ugró', 'férfi'),
(11, 'helyből távolugrás', 'ugró', 'férfi'),
(12, 'rúdugrás', 'ugró', 'férfi'),
(13, 'súlylökés', 'dobó', 'férfi'),
(14, 'kétkezes súlylökés', 'dobó', 'férfi'),
(15, 'hármasugrás', 'ugró', 'férfi'),
(16, 'helyből hármasugrás', 'ugró', 'férfi'),
(21, 'diszkoszvetés', 'dobó', 'női'),
(24, 'kalapácsvetés', 'dobó', 'női'),
(25, 'magasugrás', 'ugró', 'női'),
(27, 'gerelyhajítás', 'dobó', 'női'),
(30, 'távolugrás', 'ugró', 'női'),
(32, 'rúdugrás', 'ugró', 'női'),
(33, 'súlylökés', 'dobó', 'női'),
(35, 'hármasugrás', 'ugró', 'női');

-- --------------------------------------------------------

--
-- Tábla szerkezet ehhez a táblához `versenyzo`
--

CREATE TABLE `versenyzo` (
  `az` int(3) DEFAULT NULL,
  `nev` varchar(38) CHARACTER SET utf8 DEFAULT NULL,
  `szulev` varchar(4) CHARACTER SET utf8 DEFAULT NULL,
  `halev` varchar(4) CHARACTER SET utf8 DEFAULT NULL
) ENGINE=InnoDB DEFAULT CHARSET=utf8 COLLATE=utf8_hungarian_ci;

--
-- A tábla adatainak kiíratása `versenyzo`
--

INSERT INTO `versenyzo` (`az`, `nev`, `szulev`, `halev`) VALUES
(1, 'Richmond LANDON ', '1898', '1971'),
(2, 'Krisztian PARS ', '1982', ''),
(3, 'Mihaela LOGHIN ', '1952', ''),
(4, 'Frantisek DOUDA ', '1908', '1990'),
(5, 'Tzvetanka Pavlova KHRISTOVA ', '1962', '2008'),
(6, 'Richard Aldrich BABKA ', '1936', ''),
(7, 'Dana INGROVA-ZATOPKOVA ', '1922', ''),
(8, 'Eino PENTTILA ', '1906', '1982'),
(9, 'Duncan MCNAUGHTON ', '1910', '1998'),
(10, 'Ivanka Mikailova CHRISTOVA-TODOROVA ', '1941', ''),
(11, 'Antti RUUSKANEN ', '1984', ''),
(12, 'Christian TAYLOR ', '1990', ''),
(13, 'Kathryn Joan SCHMIDT ', '1953', ''),
(14, 'Folke JANSSON ', '1897', '1965'),
(15, 'Lawrence E, Joseph FEUERBACH ', '1879', '1911'),
(16, 'Zoltan KOVAGO ', '1979', ''),
(17, 'Walter KRÜGER ', '1930', ''),
(18, 'Sergey MAKAROV ', '1973', ''),
(19, 'Nadine KLEINERT ', '1975', ''),
(20, 'Hrysopiyi DEVETZI ', '1975', ''),
(21, 'Kenkichi OSHIMA ', '1908', '1985'),
(22, 'Yanis LUSIS ', '1939', ''),
(23, 'Virgilijus ALEKNA ', '1972', ''),
(24, 'Ruth A, SVEDBERG ', '1903', '2002'),
(25, 'Birute ZALOGAJTITE-KALEDENE ', '1934', ''),
(26, 'Sergey KLIUGIN ', '1974', ''),
(27, 'Anthony William WINTER ', '1884', '1955'),
(28, 'Peter Timothy ZAREMBA ', '1909', '1994'),
(29, 'Mirella MANIANI-TZELILI ', '1976', ''),
(30, 'Marion BECKER-STEINER ', '1950', ''),
(31, 'Tadeusz SLUSARSKI ', '1950', '1998'),
(32, 'Malcolm Maurice WILKINS ', '1950', ''),
(33, 'Nadezhda CHIZHOVA ', '1945', ''),
(34, 'Mor KOVACS ', '1885', '1972'),
(35, 'Jai TAURIMA ', '1972', ''),
(36, 'Harry LIVERSEDGE ', '1894', '1951'),
(37, 'Steve HOOKER ', '1982', ''),
(38, 'Delos Packard THURBER ', '1916', '1987'),
(39, 'Jan Eric JOHNSON ', '1950', ''),
(40, 'Imre NEMETH ', '1917', '1989'),
(41, 'Matt HEMINGWAY ', '1972', ''),
(42, 'Udo BEYER ', '1955', ''),
(43, 'Denys YURCHENKO ', '1978', ''),
(44, 'Halina KONOPACKA ', '1900', '1989'),
(45, 'Vilhjalmur EINARSSON ', '1934', ''),
(46, 'Piotr MALACHOWSKI ', '1983', ''),
(47, 'John Dale BENNETT ', '1930', ''),
(48, 'Lance Earl DEAL ', '1961', ''),
(49, 'Brittney REESE ', '1986', ''),
(50, 'Maurren Higa MAGGI ', '1976', ''),
(51, 'Klaus LEHNERTZ ', '1938', ''),
(52, 'Frantisek JANDA ', '1878', '1955'),
(53, 'Jacqueline MAZEAS ', '1920', '2012'),
(54, 'Irina BEGLYAKOVA ', '1933', ''),
(55, 'Yuri SEDYKH ', '1955', ''),
(56, 'Shuhei NISHIDA ', '1910', '1997'),
(57, 'Harold Vincent CONNOLLY ', '1931', '2010'),
(58, 'Leslie Jean DENIZ ', '1962', ''),
(59, 'John BILLER ', '1877', '1934'),
(60, 'Masao HARADA ', '1912', '2000'),
(61, 'Urszula KIELAN ', '1960', ''),
(62, 'Gisela MAUERMAYER ', '1913', '1995'),
(63, 'Luis DELIS ', '1957', ''),
(64, 'Dwight Edwin STONES ', '1953', ''),
(65, 'Miklos NEMETH ', '1946', ''),
(66, 'William Wesley COE ', '1879', '1926'),
(67, 'Frank Thayer NELSON ', '1887', '1970'),
(68, 'Hans BAUMGARTNER ', '1949', ''),
(69, 'Greg RUTHERFORD ', '1986', ''),
(70, 'Charles SIMPKINS ', '1963', ''),
(71, 'Henry PETERSEN ', '1900', '1949'),
(72, 'Klaus PLOGHAUS ', '1956', ''),
(73, 'Elfriede KAUN ', '1914', '2008'),
(74, 'Tatyana LYSENKO ', '1983', ''),
(75, 'Yuri TAMM ', '1957', ''),
(76, 'Irena SZEWINSKA ', '1946', ''),
(77, 'Tatiana KOLPAKOVA ', '1959', ''),
(78, 'Mikhail KRIVONOSOV ', '1929', '1995'),
(79, 'Alexandre KOVALENKO ', '1963', ''),
(80, 'Cornelius WALSH ', '1881', '1942'),
(81, 'Egil DANIELSEN ', '1933', ''),
(82, 'Maritza MARTEN ', '1963', ''),
(83, 'Stacy DRAGILA ', '1971', ''),
(84, 'Odon FOLDESSY ', '1929', ''),
(85, 'Wenxiu ZHANG ', '1986', ''),
(86, 'Igor TRANDENKOV ', '1966', ''),
(87, 'Carl Albert ANDERSEN ', '1876', '1951'),
(88, 'Leevan SANDS ', '1981', ''),
(89, 'Marquis Franklin HORR ', '1880', '1955'),
(90, 'Ainars KOVALS ', '1981', ''),
(91, 'Alvin KRAENZLEIN ', '1876', '1928'),
(92, 'Erik H, LUNDQVIST ', '1908', '1963'),
(93, 'Sara SIMEONI ', '1953', ''),
(94, 'Meredith Bright COLKETT ', '1878', '1947'),
(95, 'Vasiliy KAPTYUKH ', '1967', ''),
(96, 'Arne HALSE ', '1887', '1975'),
(97, 'Earle Elmer MEADOWS ', '1913', '1992'),
(98, 'Carl LEWIS ', '1961', ''),
(99, 'Rodion GATAULLIN ', '1965', ''),
(100, 'Andrey ABDUVALIEV ', '1966', ''),
(101, 'Frantz KRUGER ', '1975', ''),
(102, 'Ann-Britt LEYMAN ', '1922', ''),
(103, 'Hildrun CLAUS-LAUFER ', '1939', ''),
(104, 'Ute HOMMOLA ', '1952', ''),
(105, 'Karl HEIN ', '1908', '1982'),
(106, 'Jozsef CSERMAK ', '1932', '2001'),
(107, 'Luise KRÜGER ', '1915', '2001'),
(108, 'Saida GUNBA ', '1959', ''),
(109, 'Charles Michael PORTER ', '1936', ''),
(110, 'Edera CORDIALE-GENTILE ', '1920', '1993'),
(111, 'Georgios ROUBANIS ', '1929', ''),
(112, 'William Preston MILLER ', '1930', ''),
(113, 'Mathilde (Tilly) FLEISCHER ', '1911', '2005'),
(114, 'Eric SVENSSON ', '1903', '1986'),
(115, 'Gabriele HINZMANN ', '1947', ''),
(116, 'Iolanda BALAS ', '1936', ''),
(117, 'Michael D\'Andrea CARTER ', '1960', ''),
(118, 'Steve BACKLEY ', '1969', ''),
(119, 'Hermine (Herma) BAUMA ', '1915', '2003'),
(120, 'Jean SHILEY ', '1911', '1998'),
(121, 'John Gates POWELL ', '1947', ''),
(122, 'Vera KOLASHNIKOVA-KREPKINA ', '1933', ''),
(123, 'Stefan JUNGE ', '1950', ''),
(124, 'Anna CHICHEROVA ', '1982', ''),
(125, 'Anisoara CUSMIR-STANCIU ', '1962', ''),
(126, 'Diana CHRISTOVA-YORGOVA ', '1942', ''),
(127, 'Ludvik DANEK ', '1937', '1998'),
(128, 'Javier SOTOMAYOR ', '1967', ''),
(129, 'Helena FIBINGEROVA ', '1949', ''),
(130, 'Galina ASTAFEI ', '1969', ''),
(131, 'Blanka VLASIC ', '1983', ''),
(132, 'Marlene AHRENS ', '1933', ''),
(133, 'Ingrid LOTZ ', '1934', ''),
(134, 'Jorma Viljo Palaavi KINNUNEN ', '1941', ''),
(135, 'Igor ASTAPKOVICH ', '1963', ''),
(136, 'Darrow Clarence HOOPER ', '1932', ''),
(137, 'James BECKFORD ', '1975', ''),
(138, 'Henri Jean LABORDE ', '1909', '1993'),
(139, 'Sergey BUBKA ', '1963', ''),
(140, 'Basil BENNET ', '1894', '1938'),
(141, 'John H, KUCK ', '1905', '1986'),
(142, 'Tatyana LEBEDEVA ', '1976', ''),
(143, 'James DOEHRING ', '1962', ''),
(144, 'Evangelos DAMASKOS ', '', ''),
(145, 'Timothy FORSYTH ', '1973', ''),
(146, 'Darya PISHCHALNIKOVA ', '1985', ''),
(147, 'Ruhi SARIALP ', '1924', '2001'),
(148, 'Barbora SPOTAKOVA ', '1981', ''),
(149, 'Yipsi MORENO ', '1980', ''),
(150, 'Toivo Armas HYYTIÄINEN ', '1925', '1978'),
(151, 'Chuhei NAMBU ', '1904', '1997'),
(152, 'Antonina OKOROKOVA-LAZAREVA ', '1941', ''),
(153, 'Arnaldo DEVONISH ', '1932', '1997'),
(154, 'Andrey SILNOV ', '1984', ''),
(155, 'Lee BARNES ', '1906', '1970'),
(156, 'Romuald KLIM ', '1933', '2011'),
(157, 'Pierre LEWDEN ', '1901', '1989'),
(158, 'Earl Holmes BELL ', '1955', ''),
(159, 'Yanfeng LI ', '1979', ''),
(160, 'Arsi HARJU ', '1974', ''),
(161, 'Hannu Juhani SIITONEN ', '1949', ''),
(162, 'Michael Scott TULLY ', '1956', ''),
(163, 'Lemuel Clarence HOUSER ', '1901', '1994'),
(164, 'Ruth FUCHS ', '1946', ''),
(165, 'Viktoriya STYOPINA ', '1976', ''),
(166, 'Mikio ODA ', '1905', '1998'),
(167, 'Yunaika CRAWFORD ', '1982', ''),
(168, 'Angela VOIGT ', '1951', ''),
(169, 'Klaus BEER ', '1942', ''),
(170, 'Yaroslav RYBAKOV ', '1980', ''),
(171, 'Natalia SHIKOLENKO ', '1964', ''),
(172, 'Viorica VISCOPOLEANU ', '1939', ''),
(173, 'Olga KUZENKOVA ', '1970', ''),
(174, 'Carl Johan LIND ', '1883', '1965'),
(175, 'Lewis Pendleton SHELDON ', '1874', '1960'),
(176, 'Edward Orval GOURDIN ', '1897', '1966'),
(177, 'Elzbieta DUNSKA-KRZESINSKA ', '1934', ''),
(178, 'Jonathan David EDWARDS ', '1966', ''),
(179, 'Iryna YATCHENKO ', '1965', ''),
(180, 'Thierry VIGNERON', '1960', ''),
(181, 'Emil MAGNUSSON ', '1887', '1933'),
(182, 'Erik ALMLÖF ', '1891', '1971'),
(183, 'Francis James DELANEY ', '1921', '2012'),
(184, 'Will CLAYE ', '1991', ''),
(185, 'Svetlana SHKOLINA ', '1986', ''),
(186, 'Patrick O\'CALLAGHAN ', '1905', '1991'),
(187, 'James A, BUTTS ', '1950', ''),
(188, 'Edward Lansing GORDON ', '1908', '1971'),
(189, 'Olena HOVOROVA ', '1973', ''),
(190, 'Gheorghe MEGELEA ', '1954', ''),
(191, 'Konstantinos TSICLITIRAS ', '1888', '1913'),
(192, 'Mutaz Essa BARSHIM ', '1991', ''),
(193, 'Yordanka BLAGOEVA-DIMITROVA ', '1947', ''),
(194, 'Charles Everett DUMAS ', '1937', '2004'),
(195, 'Anna ROGOWSKA ', '1981', ''),
(196, 'William David SCHMIDT ', '1947', ''),
(197, 'Erik KYNARD ', '1991', ''),
(198, 'Anatoli SAMOTSVETOV ', '1932', ''),
(199, 'Edmund Franklin BLACK ', '1905', '1996'),
(200, 'James Emanuel FUCHS ', '1927', '2010'),
(201, 'Christina OBERGFOLL ', '1981', ''),
(202, 'Tomasz MAJEWSKI ', '1981', ''),
(203, 'Edward Barton HAMM ', '1906', '1982'),
(204, 'Steffi NERIUS ', '1972', ''),
(205, 'Ralph ROSE ', '1885', '1913'),
(206, 'Alice Marie COACHMAN ', '1923', ''),
(207, 'Werner GÜNTHÖR ', '1961', ''),
(208, 'John WINTER ', '1924', '2007'),
(209, 'Michael Anthony POWELL ', '1963', ''),
(210, 'Gerd WESSIG ', '1959', ''),
(211, 'Oleksandr PYATNYTSYA ', '1985', ''),
(212, 'Jacek WSZOLA ', '1956', ''),
(213, 'Joanet QUINTERO ', '1972', ''),
(214, 'Igor KASHKAROV ', '1933', ''),
(215, 'Thomas Theodore BRUCE ', '1923', '2002'),
(216, 'Vilho Aleksander NIITTYMAA ', '1896', '1979'),
(217, 'Eva JANKO-EGGER ', '1945', ''),
(218, 'Garrett SERVISS ', '1881', '1907'),
(219, 'Shirley CAWLEY ', '1932', ''),
(220, 'Lutz DOMBROWSKI ', '1959', ''),
(221, 'William HALPENNY', '1882', '1960'),
(222, 'Mildred DIDRIKSON ', '1911', '1956'),
(223, 'Marita LANGE ', '1943', ''),
(224, 'Meredith Charles GOURDINE ', '1929', '1998'),
(225, 'Yevgeni MIRONOV ', '1949', ''),
(226, 'Oleksiy KRYKUN ', '1968', ''),
(227, 'Raphael HOLZDEPPE ', '1989', ''),
(228, 'Jochen SACHSE ', '1948', ''),
(229, 'Abderrahmane HAMMAD ', '1977', ''),
(230, 'Merritt Hayward GIFFIN ', '1887', '1911'),
(231, 'Rolf DANNEBERG ', '1953', ''),
(232, 'Patrick SJÖBERG ', '1965', ''),
(233, 'Bob BEAMON ', '1946', ''),
(234, 'Olav SUNDE ', '1903', '1985'),
(235, 'Yaak UUDMAE ', '1954', ''),
(236, 'Amelia PICCININI ', '1917', '1979'),
(237, 'Frank RUTHERFORD ', '1964', ''),
(238, 'Augustus POPE ', '1898', '1953'),
(239, 'Kathrin NEIMKE ', '1966', ''),
(240, 'William De Hart HUBBARD ', '1903', '1976'),
(241, 'Valeri BRUMEL ', '1942', '2003'),
(242, 'Imrich BUGAR ', '1955', ''),
(243, 'Sergei LITVINOV ', '1958', ''),
(244, 'David OTTLEY ', '1955', ''),
(245, 'Arto HARKONEN ', '1959', ''),
(246, 'Aleksei SPIRIDONOV ', '1951', '1998'),
(247, 'Zhihong HUANG ', '1965', ''),
(248, 'William Patrick Jr, O\'Brien', '1932', '2007'),
(249, 'Valentina KOZYR ', '1950', ''),
(250, 'Kenny HARRISON ', '1965', ''),
(251, 'Michael D, STULCE ', '1969', ''),
(252, 'Joseph F, STADLER ', '1887', ''),
(253, 'Jozsef VARSZEGI ', '1910', '1977'),
(254, 'Mei-Su LI ', '1959', ''),
(255, 'James Randel MATSON ', '1945', ''),
(256, 'Eric Randolph BARNES ', '1966', ''),
(257, 'Robert VAN OSDEL ', '1910', '1987'),
(258, 'Eugene OBERST ', '1901', '1991'),
(259, 'Gergely KULCSAR ', '1934', ''),
(260, 'Väinö SIIKANIEMI ', '1887', '1932'),
(261, 'Giovanni EVANGELISTI ', '1961', ''),
(262, 'Laurence Atwood WHITNEY ', '1891', '1941'),
(263, 'Alfred WARNGARD ', '1907', '1950'),
(264, 'Walter Francis DAVIS ', '1931', ''),
(265, 'Igor NIKOULINE ', '1960', ''),
(266, 'Albert Lovejoy GUTTERSON ', '1887', '1965'),
(267, 'John Carlyle GARRELS ', '1885', '1956'),
(268, 'Evgeniia KOLODKO ', '1990', ''),
(269, 'Nicola VIZZONI ', '1973', ''),
(270, 'Alfred Carleten GILBERT ', '1884', '1961'),
(271, 'Vitold KREER ', '1932', ''),
(272, 'Szymon ZIOLKOWSKI ', '1976', ''),
(273, 'Thelma Elizabeth HOPKINS ', '1936', ''),
(274, 'Frederick Morgan HANSEN ', '1940', ''),
(275, 'Dainis KULA ', '1959', ''),
(276, 'Dietmar MÖGENBURG ', '1961', ''),
(277, 'Giuseppe TOSI ', '1916', '1981'),
(278, 'Otto NILSSON ', '1879', '1960'),
(279, 'James Hunt CORSON ', '1906', '1981'),
(280, 'Uwe BEYER ', '1945', '1993'),
(281, 'Klaus WOLFERMANN ', '1946', ''),
(282, 'George Leslie HORINE ', '1890', '1948'),
(283, 'Natallia MIKHNEVICH ', '1982', ''),
(284, 'Calvin David BRICKER ', '1884', '1963'),
(285, 'Albert TYLER ', '1872', '1945'),
(286, 'Lily Marie Louise CARLSTEDT-KELSBY ', '1926', '2005'),
(287, 'Ivan PEDROSO ', '1972', ''),
(288, 'Robert STANGLAND ', '1881', '1953'),
(289, 'Nicolaos GEORGANDAS ', '1880', '1958'),
(290, 'Malcolm Cuthbert NOKES ', '1897', '1986'),
(291, 'Natalya LISOVSKAYA ', '1962', ''),
(292, 'Adam NELSON ', '1975', ''),
(293, 'Brigitte WUJAK ', '1955', ''),
(294, 'Evelin SCHLAAK-JAHL ', '1956', ''),
(295, 'Ine SCHÄFFER-MAYER ', '1923', ''),
(296, 'J,Garfield MACDONALD ', '1881', '1951'),
(297, 'Jorma Rainer VALKAMA ', '1928', '1962'),
(298, 'Pierre QUINON ', '1962', '2011'),
(299, 'Jolan KLEIBER-KONTSEK ', '1939', ''),
(300, 'Johanna LÜTTGE-HÜBNER ', '1936', ''),
(301, 'Jörg DREHMEL ', '1945', ''),
(302, 'Frank PASCHEK ', '1956', ''),
(303, 'Robert Wade KING ', '1906', '1965'),
(304, 'Willie B, WHITE ', '1939', '2007'),
(305, 'Janay DELOACH ', '1985', ''),
(306, 'Vilmos VARJU ', '1937', '1994'),
(307, 'Kenth ELDEBRINK ', '1955', ''),
(308, 'Harlow Phelps ROTHERT ', '1908', '1997'),
(309, 'Ivan GUBIJAN ', '1923', '2009'),
(310, 'Clarence Chester CHILDS ', '1883', '1960'),
(311, 'Igor LAPSHIN ', '1963', ''),
(312, 'Simeon Garland INESS ', '1930', '1996'),
(313, 'Mildred Olive WILEY ', '1901', '2000'),
(314, 'Carolina Anna GISOLF ', '1910', '1993'),
(315, 'Dwight PHILLIPS ', '1977', ''),
(316, 'Sabin William CARR ', '1904', '1983'),
(317, 'Tatyana KOTOVA ', '1976', ''),
(318, 'Marc Snowell WRIGHT ', '1890', '1975'),
(319, 'Heike DRECHSLER ', '1964', ''),
(320, 'Artur PARTYKA ', '1969', ''),
(321, 'David Lester LAUT ', '1956', '2009'),
(322, 'Aksana MIANKOVA ', '1982', ''),
(323, 'Hartmut BRIESENICK ', '1949', ''),
(324, 'Mihaela PENES ', '1947', ''),
(325, 'Johanna Luann HUNTLEY ', '1956', ''),
(326, 'Timothy MACK ', '1972', ''),
(327, 'George Anthony STANICH ', '1928', ''),
(328, 'William Samuel STEELE ', '1923', '1989'),
(329, 'Silvio M, CATOR ', '1900', '1952'),
(330, 'Noemi SIMONETTO DE PORTELA ', '1926', '2011'),
(331, 'Florenta TACU-CRAICIUNESCU ', '1955', '2008'),
(332, 'Olga FIKOTOVA-CONNOLLY ', '1932', ''),
(333, 'Ibrahim CAMEJO ', '1982', ''),
(334, 'Rudolf BAUER ', '1879', '1932'),
(335, 'Stephen Andrew SEYMOUR ', '1920', '1973'),
(336, 'Chioma AJUNWA ', '1970', ''),
(337, 'Tatiana GRIGORIEVA ', '1975', ''),
(338, 'Mitchell WATT ', '1988', ''),
(339, 'Mariya PISSAREVA ', '1934', ''),
(340, 'Maria ABAKUMOVA ', '1986', ''),
(341, 'Osleidys MENENDEZ ', '1979', ''),
(342, 'Faina MELNIK ', '1945', ''),
(343, 'Angela NEMETH-RANKY ', '1946', ''),
(344, 'Tereza MARINOVA ', '1977', ''),
(345, 'Maria VERGOVA-PETKOVA ', '1950', ''),
(346, 'Matti Kalervo SIPPALA ', '1908', '1997'),
(347, 'Nina ROMASHKOVA-PONOMAREVA ', '1929', ''),
(348, 'Marianne WERNER-SCHULZE-ENTRUP ', '1924', ''),
(349, 'Eduard GUSHCHIN ', '1940', '2011'),
(350, 'Larisa PELESHENKO ', '1964', ''),
(351, 'Frank FOSS ', '1895', '1989'),
(352, 'Sarka KASPARKOVA ', '1971', ''),
(353, 'Ehsan HADADI ', '1985', ''),
(354, 'Anita WLODARCZYK ', '1985', ''),
(355, 'Lijiao GONG ', '1989', ''),
(356, 'Louise MCPAUL ', '1969', ''),
(357, 'Marian OPREA ', '1982', ''),
(358, 'Rosemarie WITSCHAS-ACKERMANN ', '1952', ''),
(359, 'Viktor RASHCHUPKIN ', '1950', ''),
(360, 'Richard Douglas FOSBURY ', '1947', ''),
(361, 'Seppo Henrik RATY ', '1962', ''),
(362, 'Erik ABRAHAMSSON ', '1898', '1965'),
(363, 'Georges ANDRE ', '1889', '1943'),
(364, 'Robert Allen GUTOWSKI ', '1935', '1960'),
(365, 'Bruno SÖDERSTRÖM ', '1881', '1969'),
(366, 'Olena ANTONOVA ', '1972', ''),
(367, 'Thomas Truxton HARE ', '1878', '1956'),
(368, 'Valerie VILI ', '1984', ''),
(369, 'Erwin BLASK ', '1910', '1999'),
(370, 'Panagiotis PARASKEVOPOULOS ', '1875', '1956'),
(371, 'Kajsa BERGQVIST ', '1976', ''),
(372, 'Sverre HANSEN ', '1899', '1991'),
(373, 'Sheila Hilary PARKIN-SHERWOOD ', '1945', ''),
(374, 'Vladimir GORYAEV ', '1939', ''),
(375, 'Urho Pellervo PELTONEN ', '1893', '1951'),
(376, 'Javier GARCIA CHICO ', '1966', ''),
(377, 'Inese YAUNZEME ', '1932', '2011'),
(378, 'Pauli Lauri NEVALA ', '1940', ''),
(379, 'Mildred Louise MCDANIEL ', '1933', '2004'),
(380, 'Richard Lee COCHRAN ', '1938', ''),
(381, 'Simeon Galvez TORIBIO ', '1905', '1969'),
(382, 'Tapio KORJUS ', '1961', ''),
(383, 'Eva SURANOVA ', '1946', ''),
(384, 'Denis KAPUSTIN ', '1970', ''),
(385, 'Ioannis THEODOROPOULOS', '', ''),
(386, 'John Jesus FLANAGAN ', '1873', '1938'),
(387, 'John DEWITT ', '1881', '1930'),
(388, 'Valerie ADAMS ', '1984', ''),
(389, 'Richard SHELDON ', '1878', '1935'),
(390, 'Martina HELLMANN ', '1960', ''),
(391, 'Tamara PRESS ', '1937', ''),
(392, 'Jan ZELEZNY ', '1966', ''),
(393, 'Catherine Laverne MCMILLAN ', '1957', ''),
(394, 'Bela SZEPES-STRAUCH ', '1903', '1986'),
(395, 'Dorothy Ada SHIRLEY ', '1939', ''),
(396, 'Edvard LARSEN ', '1881', '1914'),
(397, 'Aleksander TAMMERT ', '1973', ''),
(398, 'John MOFFITT ', '1980', ''),
(399, 'Igor TER-OVANESYAN ', '1938', ''),
(400, 'Klavdiya TOCHENOVA ', '1921', '2004'),
(401, 'Werner JÄRVINEN ', '1870', '1941'),
(402, 'Adolfo CONSOLINI ', '1917', '1969'),
(403, 'Valeria (Vali) IONESCU ', '1960', ''),
(404, 'David Donald ALBRITTON ', '1913', '1994'),
(405, 'Wolfgang SCHMIDT ', '1954', ''),
(406, 'Irina KHUDOROZHKINA ', '1968', ''),
(407, 'Irvin ROBERSON ', '1935', '2001'),
(408, 'Svetlana KRACHEVSKAIA ', '1944', ''),
(409, 'Lawrence Ellwyne MYRICKS ', '1956', ''),
(410, 'Diana GANSKY ', '1963', ''),
(411, 'Niki BAKOGIANNI ', '1968', ''),
(412, 'Richard Leslie BYRD ', '1892', '1958'),
(413, 'Ivan UKHOV ', '1986', ''),
(414, 'Yanina KAROLCHIK ', '1976', ''),
(415, 'Yoelvis QUESADA ', '1973', ''),
(416, 'Andrei TIVONTCHIK ', '1970', ''),
(417, 'Charles Lambert REDD ', '1908', '1986'),
(418, 'Beate KOCH ', '1967', ''),
(419, 'Nina DUMBADZE ', '1919', '1983'),
(420, 'William Henry NIEDER ', '1933', ''),
(421, 'Georgios PAPASIDERIS ', '1875', '1920'),
(422, 'L,Jay SILVESTER ', '1937', ''),
(423, 'Mike CONLEY ', '1962', ''),
(424, 'Arnie ROBINSON ', '1948', ''),
(425, 'Lazar LOVASZ ', '1942', ''),
(426, 'James K, BROOKER ', '1902', '1973'),
(427, 'Ruth OSBURN ', '1912', '1994'),
(428, 'Esref APAK ', '1982', ''),
(429, 'Alfred Hilborn BATES ', '1905', '1999'),
(430, 'Robert GARRETT ', '1875', '1961'),
(431, 'Charles JACOBS', '1882', '1945'),
(432, 'Lawson N, ROBERTSON ', '1883', '1951'),
(433, 'Harold Marion OSBORN ', '1899', '1975'),
(434, 'Germaine MASON ', '1983', ''),
(435, 'Inna LASOVSKAYA ', '1969', ''),
(436, 'Joachim Broechner OLSEN ', '1977', ''),
(437, 'Blessing OKAGBARE ', '1988', ''),
(438, 'Ilke WYLUDDA ', '1969', ''),
(439, 'Tatiana LESOVAIA ', '1956', ''),
(440, 'Viktor KRAVCHENKO ', '1941', ''),
(441, 'Louis WILKINS ', '1882', '1950'),
(442, 'Frederick ENGLEHARDT ', '1879', '1942'),
(443, 'Josiah MCCRACKEN ', '1874', '1962'),
(444, 'Gustav LINDBLOM ', '1891', '1960'),
(445, 'Irving Jahir SALADINO ARANDA ', '1983', ''),
(446, 'Martin SHERIDAN ', '1881', '1918'),
(447, 'Keshorn WALCOTT ', '1993', ''),
(448, 'Irina SIMAGINA ', '1982', ''),
(449, 'Bertil UGGLA', '1890', '1945'),
(450, 'Sheila LERWILL ', '1928', ''),
(451, 'Miltiadis GOUSKOS ', '1874', '1904'),
(452, 'Marta ANTAL-RUDAS ', '1937', ''),
(453, 'R, William E, PETERSSON ', '1895', '1965'),
(454, 'Inessa KRAVETS ', '1966', ''),
(455, 'John Patrick METCALFE ', '1912', '1994'),
(456, 'George G, JEFFERSON ', '1910', '1996'),
(457, 'Teresa SANDERSON ', '1956', ''),
(458, 'Daniel FRANK ', '1882', '1965'),
(459, 'Aleksandra CHUDINA ', '1923', '1990'),
(460, 'Alfred OERTER ', '1936', '2007'),
(461, 'Alfredrick Alphonzo JOYNER ', '1960', ''),
(462, 'Ralph Gorman HILLS ', '1902', '1977'),
(463, 'Benjamin W, ADAMS ', '1890', '1961'),
(464, 'Anastasia KELESIDOU ', '1972', ''),
(465, 'Vasili KHMELEVSKY ', '1948', ''),
(466, 'Kenneth George WIESNER ', '1925', ''),
(467, 'Toby STEVENSON ', '1976', ''),
(468, 'Jesse OWENS ', '1913', '1980'),
(469, 'Viatcheslav LYKHO ', '1967', ''),
(470, 'Svetlana KRIVELYOVA ', '1969', ''),
(471, 'Armas Rudolf TAIPALE ', '1890', '1976'),
(472, 'Jaroslav BABA ', '1984', ''),
(473, 'Yvette Winefred WILLIAMS ', '1929', ''),
(474, 'Jian-Hua ZHU ', '1963', ''),
(475, 'Eric LEMMING ', '1880', '1930'),
(476, 'Dorothy Beatrice J, ODAM-TYLER ', '1920', ''),
(477, 'Platt ADAMS ', '1885', '1961'),
(478, 'James CONNOLLY ', '1868', '1957'),
(479, 'William Herbert DROEGEMUELLER ', '1906', '1987'),
(480, 'Bo EKELUND ', '1894', '1983'),
(481, 'Charles KING ', '1880', '1958'),
(482, 'Vadim DEVYATOVSKIY ', '1977', ''),
(483, 'Charles English MCGINNIS ', '1906', '1995'),
(484, 'Gary HONEY ', '1959', ''),
(485, 'Nadezhda KHNYKINA-DVALISHVILI ', '1933', '1994'),
(486, 'Cornelius LEAHY ', '1876', '1921'),
(487, 'Sandra PERKOVIC ', '1990', ''),
(488, 'Lidia ALFEEVA ', '1946', ''),
(489, 'Kaisa PARVIAINEN ', '1914', '2002'),
(490, 'Jerome Cousins BIFFLE ', '1928', '2002'),
(491, 'Giuseppe GIBILISCO ', '1979', ''),
(492, 'Charles AUSTIN ', '1967', ''),
(493, 'Sueo OE ', '1914', '1941'),
(494, 'Vladimir KISELEV ', '1957', ''),
(495, 'Aleksandr BARYSHNIKOV ', '1948', ''),
(496, 'Jaroslawa JOZWIAKOWSKA-BIEDA ', '1937', ''),
(497, 'Thomas John LIEB ', '1899', '1962'),
(498, 'Olga GYARMATI ', '1924', ''),
(499, 'Harry Stoddard BABCOCK ', '1890', '1965'),
(500, 'Hans WOELLKE ', '1911', '1943'),
(501, 'Petra FELKE-MEIER ', '1959', ''),
(502, 'Roman SCHURENKO ', '1976', ''),
(503, 'Samuel JONES ', '1880', '1954'),
(504, 'Alma Wilfred RICHARDS ', '1890', '1963'),
(505, 'Rickard BRUCH ', '1946', '2011'),
(506, 'Georg ABERG ', '1893', '1946'),
(507, 'Ilona GUSENBAUER-MAJDAN ', '1947', ''),
(508, 'Astrid KUMBERNUSS ', '1970', ''),
(509, 'Eva DAWES-SPINKS ', '1912', '2009'),
(510, 'David STORL ', '1990', ''),
(511, 'Glenn GRAHAM ', '1904', '1986'),
(512, 'William Kenneth CARPENTER ', '1913', '1984'),
(513, 'Elena SLESARENKO ', '1982', ''),
(514, 'Jaqueline TODTEN-HEIN ', '1954', ''),
(515, 'Jennifer SUHR ', '1982', ''),
(516, 'Gerd KANTER ', '1979', ''),
(517, 'Elena GORCHAKOVA ', '1933', '2002'),
(518, 'Frederick Delmont TOOTELL ', '1902', '1964'),
(519, 'Stephen James SMITH ', '1973', ''),
(520, 'Trine HATTESTAD ', '1966', ''),
(521, 'Karl-Hans RIEHM ', '1951', ''),
(522, 'Kaarlo Kalervo TOIVONEN ', '1913', '2006'),
(523, 'Joao Carlos DE OLIVEIRA ', '1954', '1999'),
(524, 'Paavo JAALE-JOHANSSON ', '1895', '1983'),
(525, 'Stefan HOLM ', '1976', ''),
(526, 'Dallas Crutcher III LONG ', '1940', ''),
(527, 'Khotso MOKOENA ', '1985', ''),
(528, 'Edward Tiffin COOKE ', '1888', '1972'),
(529, 'Lawrence JOHNSON ', '1974', ''),
(530, 'Bjorn Andreas PAULSON ', '1923', '2008'),
(531, 'Lars RIEDEL ', '1967', ''),
(532, 'Antero Lauro KIVI ', '1904', '1981'),
(533, 'Dennis HORGAN ', '1871', '1922'),
(534, 'Jozef SCHMIDT ', '1935', ''),
(535, 'Ralph Harold BOSTON ', '1939', ''),
(536, 'Liselotte (Liesel) WESTERMANN ', '1944', ''),
(537, 'Fatima WHITBREAD ', '1961', ''),
(538, 'Leroy Taylor BROWN ', '1902', '1970'),
(539, 'Claudia LOSCH ', '1960', ''),
(540, 'Leonid SHCHERBAKOV ', '1927', ''),
(541, 'Ed ARCHIBALD', '1884', '1965'),
(542, 'Jose TELLES DA CONCEICAO ', '1931', '1974'),
(543, 'Frank WARTENBERG ', '1955', ''),
(544, 'Yrjo Jouko NIKKANEN ', '1914', '1985'),
(545, 'David Lawson WEILL ', '1941', ''),
(546, 'Heike HENKEL ', '1964', ''),
(547, 'Herbert Paul Jr, DOUGLAS ', '1922', ''),
(548, 'Konstantin VOLKOV ', '1960', ''),
(549, 'Ivan TSIKHAN ', '1976', ''),
(550, 'Lothar MILDE ', '1934', ''),
(551, 'Ellen BRAUMÜLLER ', '1910', '1991'),
(552, 'Wolfgang NORDWIG ', '1943', ''),
(553, 'Gordon Glover DUNN ', '1912', '1964'),
(554, 'Hollis CONWAY ', '1967', ''),
(555, 'Giuseppe GENTILE ', '1943', ''),
(556, 'Valeri PODLUZHNYI ', '1952', ''),
(557, 'Charles DVORAK ', '1878', '1969'),
(558, 'Francoise MBANGO ETONE ', '1976', ''),
(559, 'Erkki Olavi KATAJA ', '1924', '1969'),
(560, 'Tia HELLEBAUT ', '1978', ''),
(561, 'Natalya SADOVA ', '1972', ''),
(562, 'Tadeusz RUT ', '1931', '2002'),
(563, 'Patrick Joseph LEAHY ', '1877', '1927'),
(564, 'Andrei MIKHNEVICH ', '1976', ''),
(565, 'Jiri SKOBLA ', '1930', '1978'),
(566, 'Oana PANTELIMON', '1972', ''),
(567, 'John Franklin ANDERSON ', '1907', '1948'),
(568, 'Esther Cornelia BRAND ', '1922', ''),
(569, 'Michelle Mary MASON-BROWN ', '1939', ''),
(570, 'Romas UBARTAS ', '1960', ''),
(571, 'Luis BRUNETO ', '1901', '1968'),
(572, 'Lajos GÖNCZY ', '1881', '1915'),
(573, 'Svetlana FEOFANOVA ', '1980', ''),
(574, 'Galina ZYBINA ', '1931', ''),
(575, 'Levi B, CASEY ', '1904', '1983'),
(576, 'Gregory Curtis BELL ', '1930', ''),
(577, 'Ulf TIMMERMANN ', '1962', ''),
(578, 'Lynn DAVIES ', '1942', ''),
(579, 'John Barnett RAMBO ', '1943', ''),
(580, 'Glenn HARTRANFT ', '1901', '1970'),
(581, 'Nadezhda KONYAEVA ', '1931', ''),
(582, 'Timoty J, AHEARNE ', '1885', '1968'),
(583, 'Karl STORCH ', '1913', '1992'),
(584, 'Grigori EGOROV ', '1967', ''),
(585, 'Olha SALADUHA ', '1983', ''),
(586, 'Harold MULLER ', '1901', '1962'),
(587, 'Robert SHAVLAKADZE ', '1933', ''),
(588, 'Margitta HELMBOLD-GUMMEL ', '1941', ''),
(589, 'Emile TORCHEBOEUF ', '1876', ''),
(590, 'Yoel GARCIA ', '1973', ''),
(591, 'Elmer Konstantin NIKLANDER ', '1890', '1942'),
(592, 'Gunnar LINDSTRÖM ', '1896', '1951'),
(593, 'Hans LIESCHE ', '1891', '1979'),
(594, 'Alessandro ANDREI ', '1959', ''),
(595, 'Edward J, Jr, CARUTHERS ', '1945', ''),
(596, 'Sotirios VERSIS ', '1879', '1918'),
(597, 'Ioannis PERSAKIS ', '1877', '1943'),
(598, 'Tatiana SKACHKO ', '1954', ''),
(599, 'Kamila SKOLIMOWSKA ', '1982', '2009'),
(600, 'Elena SOKOLOVA ', '1986', ''),
(601, 'Duncan GILLIS ', '1883', '1963'),
(602, 'Koji MUROFUSHI ', '1974', ''),
(603, 'Wladyslaw KOMAR ', '1940', '1998'),
(604, 'Carl Ludwig Luz LONG ', '1913', '1943'),
(605, 'Christian OLSSON ', '1980', ''),
(606, 'Yarelys BARRIOS ', '1983', ''),
(607, 'Donald George BRAGG ', '1935', ''),
(608, 'Elvira OZOLINA ', '1939', ''),
(609, 'Heli Orvokki RANTANEN ', '1970', ''),
(610, 'Irving BAXTER ', '1876', '1957'),
(611, 'Viktor SANEEV ', '1945', ''),
(612, 'Ria G, STALMAN ', '1951', ''),
(613, 'Ragnar LUNDBERG ', '1924', '2011'),
(614, 'Cornelius Cooper JOHNSON ', '1913', '1946'),
(615, 'Andreas THORKILDSEN ', '1982', ''),
(616, 'George Roger WOODS ', '1943', ''),
(617, 'Jürgen SCHULT ', '1960', ''),
(618, 'Evgeny LUKYANENKO ', '1985', ''),
(619, 'Xinmei SUI ', '1965', ''),
(620, 'Claude Charles MENARD ', '1906', '1980'),
(621, 'Ilona SCHOKNECHT-SLUPIANEK ', '1956', ''),
(622, 'John GODINA ', '1972', ''),
(623, 'Rudolf POVARNITSIN ', '1962', ''),
(624, 'Ossian E, SKIÖLD ', '1889', '1961'),
(625, 'Patrick MCDONALD ', '1878', '1954'),
(626, 'Meyer PRINSTEIN ', '1878', '1925'),
(627, 'Paul WEINSTEIN ', '1878', '1964'),
(628, 'Nadzeya OSTAPCHUK ', '1980', ''),
(629, 'Jennifer STUCZYNSKI ', '1982', ''),
(630, 'Brigetta BARRETT ', '1990', ''),
(631, 'Tatyana SHCHELKANOVA ', '1937', '2011'),
(632, 'Nelson EVORA ', '1984', ''),
(633, 'John Curtis THOMAS ', '1941', ''),
(634, 'Lia MANOLIU ', '1932', '1998'),
(635, 'Caterine IBARGUEN ', '1984', ''),
(636, 'Oleg FEDOSEEV ', '1936', '2001'),
(637, 'Viktor TSYBULENKO ', '1930', ''),
(638, 'Taisiya CHENCHIK ', '1936', ''),
(639, 'Olga RYPAKOVA ', '1984', ''),
(640, 'Lillian COPELAND ', '1904', '1964'),
(641, 'Cyrus C, Jr, YOUNG ', '1928', ''),
(642, 'Gyula ZSIVOTZKY ', '1937', '2007'),
(643, 'Wladyslaw KOZAKIEWICZ ', '1953', ''),
(644, 'William Welles HOYT ', '1875', '1954'),
(645, 'Ronald Hugh MORRIS ', '1935', ''),
(646, 'George Gordon AVERY ', '1925', '2006'),
(647, 'Robert HARTING ', '1984', ''),
(648, 'Kirsten MUENCHOW ', '1977', ''),
(649, 'Jean GALFIONE ', '1971', ''),
(650, 'Ellina ZVEREVA ', '1960', ''),
(651, 'Jutta KIRST ', '1954', ''),
(652, 'Galina CHISTYAKOVA ', '1962', ''),
(653, 'Maksim TARASOV ', '1970', ''),
(654, 'James Leo DILLION ', '1929', '2010'),
(655, 'Naoto TAJIMA ', '1912', '1990'),
(656, 'Susan HEARNSHAW ', '1961', ''),
(657, 'Yumileidi CUMBA ', '1975', ''),
(658, 'Frank MURPHY', '1889', '1980'),
(659, 'Fabrizio DONATO ', '1976', ''),
(660, 'Keith CONNOR ', '1957', ''),
(661, 'Antti Tapani KALLIOMÄKI ', '1947', ''),
(662, 'Vasili RUDENKOV ', '1931', '1982'),
(663, 'Karen FORKEL ', '1970', ''),
(664, 'Ethel CATHERWOOD ', '1908', '1987'),
(665, 'Phillips IDOWU ', '1978', ''),
(666, 'Carl JOHNSON ', '1898', '1932'),
(667, 'Desmond Dalworth KOCH ', '1932', '1991'),
(668, 'Jonni MYYRÄ ', '1892', '1955'),
(669, 'Silke RENK ', '1967', ''),
(670, 'Randel Luvelle WILLIAMS ', '1953', ''),
(671, 'Matthew J, MCGRATH ', '1875', '1941'),
(672, 'Juha TIAINEN ', '1955', '2003'),
(673, 'Vladimir DUBROVSHCHIK ', '1972', ''),
(674, 'Alexandre TUFFERI ', '1876', '1958'),
(675, 'Stephanie BROWN TRAFTON ', '1979', ''),
(676, 'Wilbur Marvin THOMPSON ', '1921', ''),
(677, 'Ulrike MEYFARTH ', '1956', ''),
(678, 'Fiona MAY ', '1969', ''),
(679, 'Aleksandr MAKAROV ', '1951', ''),
(680, 'Renate GARISCH-CULMBERGER-BOY ', '1939', ''),
(681, 'Marja Jadwiga KWASNIEWSKA-MALESZEWSKA ', '1913', '2007'),
(682, 'Nelson PRUDENCIO ', '1944', '2012'),
(683, 'Wolfgang REINHARDT ', '1943', ''),
(684, 'Leo Joseph SEXTON ', '1909', '1968'),
(685, 'Ellery CLARK ', '1874', '1949'),
(686, 'James Henry DUNCAN ', '1887', '1955'),
(687, 'Fortune Edward GORDIEN ', '1922', '1990'),
(688, 'Vilho Immanuel TUULOS ', '1895', '1967'),
(689, 'Sulo BÄRLUND ', '1910', '1986'),
(690, 'Daniela COSTIAN ', '1965', ''),
(691, 'Owen Guinn SMITH ', '1920', '2004'),
(692, 'Stefka KOSTADINOVA ', '1965', ''),
(693, 'Robert RICHARDS ', '1926', ''),
(694, 'Elizaveta BAGRYANTSEVA ', '1929', '1996'),
(695, 'Linda STAHL ', '1985', ''),
(696, 'Claus SCHIPROWSKI ', '1942', ''),
(697, 'Gennadi AVDEENKO ', '1963', ''),
(698, 'Heidemarie ROSENDAHL ', '1947', ''),
(699, 'Eeles Enok LANDSTRÖM ', '1932', ''),
(700, 'Emil HIRSCHFELD ', '1903', '1968'),
(701, 'Reese HOFFA ', '1977', ''),
(702, 'Tero PITKAMAKI ', '1982', ''),
(703, 'Donald Robert LAZ ', '1929', '1996'),
(704, 'Daniel KELLY ', '1883', '1920'),
(705, 'David Luther ROBERTS ', '1951', ''),
(706, 'Hestrie CLOETE ', '1978', ''),
(707, 'Primoz KOZMUS ', '1979', ''),
(708, 'Maria COLON ', '1958', ''),
(709, 'Ray EWRY ', '1873', '1937'),
(710, 'Betty HEIDLER ', '1983', ''),
(711, 'Robert Lloyd SEAGREN ', '1946', ''),
(712, 'Leroy SAMSE ', '1883', '1956'),
(713, 'Balazs KISS ', '1972', ''),
(714, 'Anatoli BONDARCHUK ', '1940', ''),
(715, 'Herman Harold BRIX ', '1906', '2007'),
(716, 'Tamara BYKOVA ', '1958', ''),
(717, 'Kristo Gantchev MARKOV ', '1965', ''),
(718, 'Frans Wilhelmi PÖRHÖLÄ ', '1897', '1964'),
(719, 'Joe GREENE ', '1967', ''),
(720, 'William Waring MILLER ', '1912', '2008'),
(721, 'Juho Julius SAARISTO ', '1891', '1969'),
(722, 'Dorothy Louise RITTER ', '1958', ''),
(723, 'Arne AHMAN ', '1925', ''),
(724, 'Kaj Tapio RAUTAVAARA ', '1915', '1979'),
(725, 'Mikael M, DORIZAS ', '1886', '1957'),
(726, 'Patrick RYAN ', '1881', '1964'),
(727, 'Harry Franklin PORTER ', '1882', '1965'),
(728, 'Gerhard (Gerd) STÖCK ', '1911', '1985'),
(729, 'Adhemar FERREIRA DA SILVA ', '1927', '2001'),
(730, 'Elena ISINBAEVA ', '1982', ''),
(731, 'Valentin GAVRILOV ', '1946', ''),
(732, 'Jackie JOYNER-KERSEE ', '1962', ''),
(733, 'Vassilka STOEVA ', '1940', ''),
(734, 'Wolfgang HANISCH ', '1951', ''),
(735, 'Christian CANTWELL ', '1980', ''),
(736, 'Tamara TYSHKEVICH ', '1931', '1997'),
(737, 'Benjamen Van Doren HEDGES ', '1907', '1969'),
(738, 'Margitta DROESE-PUFE ', '1952', ''),
(739, 'Yelena YELESINA ', '1970', ''),
(740, 'Jörg FREIMUTH ', '1961', ''),
(741, 'Matti Henrik JARVINEN ', '1909', '1985'),
(742, 'Francis C, IRONS ', '1886', '1942'),
(743, 'Gael MULHALL-MARTIN ', '1956', ''),
(744, 'Nick HYSONG ', '1971', ''),
(745, 'Roberto S, MOYA ', '1965', ''),
(746, 'Paula MOLLENHAUER ', '1908', '1988'),
(747, 'Micheline OSTERMEYER ', '1922', '2001'),
(748, 'Inha BABAKOVA ', '1967', ''),
(749, 'Tatyana TALYSHEVA ', '1937', ''),
(750, 'Kristiina LILLAK ', '1961', ''),
(751, 'Ibolya CSAK ', '1915', '2006'),
(752, 'Bjorn OTTO ', '1977', ''),
(753, 'Oleksandr BAGACH ', '1966', ''),
(754, 'Earlene Dennis BROWN ', '1935', '1983'),
(755, 'Mary Denise BIGNAL-RAND ', '1940', ''),
(756, 'Robert Howard BENNETT ', '1919', '1974'),
(757, 'Janusz SIDLO ', '1933', '1993'),
(758, 'Argentina MENIS ', '1948', ''),
(759, 'Edwin MYERS ', '1896', '1978'),
(760, 'Giorgio OBERWEGER ', '1913', '1998'),
(761, 'Joan Lino MARTINEZ ', '1978', ''),
(762, 'Yarisley SILVA ', '1987', ''),
(763, 'Renaud LAVILLENIE ', '1986', ''),
(764, 'Gregory JOY ', '1956', ''),
(765, 'Jadwiga WAJSOURNA ', '1912', '1990'),
(766, 'Yuri TARMAK ', '1946', ''),
(767, 'Miloslava REZKOVA-HUBNER ', '1950', ''),
(768, 'Vala FLOSADOTTIR ', '1978', ''),
(769, 'Danila BURKENYA ', '1978', ''),
(770, 'Paul WINTER ', '1906', '1992'),
(771, 'Vadims VASILEVSKIS ', '1982', '');

--
-- Indexek a kiírt táblákhoz
--

--
-- A tábla indexei `eredmeny`
--
ALTER TABLE `eredmeny`
  ADD PRIMARY KEY (`az`),
  ADD KEY `versenyzoaz` (`versenyzoaz`),
  ADD KEY `versenyszamaz` (`versenyszamaz`);

--
-- A tábla indexei `versenyszam`
--
ALTER TABLE `versenyszam`
  ADD PRIMARY KEY (`az`) USING BTREE;

--
-- A tábla indexei `versenyzo`
--
ALTER TABLE `versenyzo`
  ADD UNIQUE KEY `az` (`az`);

--
-- A kiírt táblák AUTO_INCREMENT értéke
--

--
-- AUTO_INCREMENT a táblához `eredmeny`
--
ALTER TABLE `eredmeny`
  MODIFY `az` int(11) NOT NULL AUTO_INCREMENT, AUTO_INCREMENT=1004;

--
-- AUTO_INCREMENT a táblához `versenyszam`
--
ALTER TABLE `versenyszam`
  MODIFY `az` int(11) NOT NULL AUTO_INCREMENT, AUTO_INCREMENT=36;

--
-- Megkötések a kiírt táblákhoz
--

--
-- Megkötések a táblához `eredmeny`
--
ALTER TABLE `eredmeny`
  ADD CONSTRAINT `eredmeny_ibfk_1` FOREIGN KEY (`versenyzoaz`) REFERENCES `versenyzo` (`az`),
  ADD CONSTRAINT `eredmeny_ibfk_2` FOREIGN KEY (`versenyszamaz`) REFERENCES `versenyszam` (`az`);
COMMIT;

/*!40101 SET CHARACTER_SET_CLIENT=@OLD_CHARACTER_SET_CLIENT */;
/*!40101 SET CHARACTER_SET_RESULTS=@OLD_CHARACTER_SET_RESULTS */;
/*!40101 SET COLLATION_CONNECTION=@OLD_COLLATION_CONNECTION */;